x0,x1,x2,u
5.28835,5.28835,-3,0
5.28835,5.28835,-2.86501,0
5.28835,5.28835,-2.73002,0
5.28018,5.28812,-2.59502,0.283513
5.30282,5.28888,-2.46006,-0.679365
5.3409,5.28975,-2.325,-0.936044
5.37094,5.28979,-2.18993,-0.819703
5.40544,5.28949,-2.05483,-0.888298
5.43692,5.28855,-1.91996,-0.843082
5.46976,5.28714,-1.78529,-0.86402
5.50142,5.28516,-1.65103,-0.846003
5.53338,5.28266,-1.51724,-0.850539
5.56481,5.27961,-1.38409,-0.842438
5.5962,5.27602,-1.25166,-0.841544
5.62729,5.27189,-1.12011,-0.837018
5.65824,5.26722,-0.989573,-0.834571
5.68897,5.26201,-0.860198,-0.831207
5.71955,5.25626,-0.732134,-0.828527
5.74993,5.24998,-0.605548,-0.82548
5.78016,5.24316,-0.480605,-0.822907
5.81022,5.23582,-0.357483,-0.82011
5.84013,5.22795,-0.236365,-0.817569
5.86987,5.21957,-0.117445,-0.814902
5.89947,5.21068,-0.000921085,-0.812394
5.92892,5.20129,0.113,-0.809836
5.95822,5.19141,0.224105,-0.807347
5.99917,5.18129,0.334282,-0.970304
6.00551,5.16989,0.433661,-0.222473
6.0016,5.1581,0.529762,0.138556
6.00587,5.14638,0.627158,-0.151186
6.00257,5.13436,0.721838,0.117088
5.9941,5.12215,0.815015,0.293407
5.98351,5.10987,0.907837,0.361165
5.97228,5.09755,1.00082,0.380804
5.96082,5.08523,1.09411,0.387894
5.94571,5.07282,1.18699,0.49427
5.94596,5.06073,1.28383,-0.00890654
5.93981,5.04839,1.37832,0.215943
5.92902,5.03591,1.4715,0.367369
5.91663,5.02339,1.56453,0.416068
5.90386,5.01086,1.65785,0.427327
5.89095,4.99832,1.75153,0.43143
5.87794,4.98579,1.84559,0.434397
5.86484,4.97327,1.94003,0.43704
5.85165,4.96074,2.03485,0.439608
5.83838,4.94822,2.13004,0.442115
5.82503,4.93571,2.2256,0.444358
5.8116,4.92321,2.32153,0.446633
5.7945,4.91064,2.41703,0.547546
5.79316,4.89841,2.51682,0.0476967
5.78481,4.88594,2.61394,0.289248
5.77182,4.87335,2.70972,0.434065
5.75762,4.86074,2.8055,0.468502
5.74326,4.84815,2.90162,0.473488
5.72883,4.83557,2.99813,0.475078
5.71436,4.82301,3.09502,0.476345
5.69986,4.81046,3.19229,0.477451
5.68532,4.79793,3.28993,0.47835
5.67074,4.78543,3.38793,0.479233
5.65614,4.77294,3.48629,0.480034
5.6379,4.7604,3.58417,0.576878
5.63551,4.74821,3.68639,0.0850554
5.62579,4.73579,3.78579,0.333652
5.61152,4.72327,3.88386,0.470511
5.59636,4.71074,3.98197,0.495696
5.58113,4.69824,4.08041,0.497482
5.5659,4.68576,4.17918,0.497576
5.55068,4.67331,4.27828,0.497424
5.53546,4.66089,4.37769,0.497251
5.51663,4.64843,4.4766,0.591229
5.51445,4.63633,4.57992,0.0775413
5.50243,4.62396,4.67974,0.40498
5.47897,4.61138,4.77686,0.69673
5.44478,4.59871,4.8729,0.883862
5.43002,4.5866,4.97573,0.484591
5.38638,4.57398,5.07253,0.999662
5.38806,4.56255,5.18252,-0.06012
5.37316,4.55066,5.28732,0.488664
5.33966,4.53843,5.38838,0.873743
5.32057,4.52671,5.49477,0.597786
5.31072,4.51526,5.60368,0.337857
5.29236,4.50361,5.71043,0.57966
5.25473,4.49165,5.81383,0.930342
5.25461,4.48073,5.92731,0.00421673
5.23393,4.46927,6.03528,0.635513
5.21037,4.45786,6.14342,0.698854
5.20163,4.44688,6.25546,0.301965
5.17967,4.43561,6.36439,0.664318
5.17494,4.42481,6.47741,0.167343
5.15404,4.41361,6.58637,0.640518
5.13151,4.40248,6.69571,0.67678
5.12296,4.39178,6.80847,0.295793
5.10364,4.38083,6.91863,0.603457
5.09492,4.37019,7.03119,0.301355
5.07597,4.35932,7.14127,0.594216
5.06739,4.34876,7.25362,0.297148
5.04777,4.33795,7.36335,0.61042
5.04338,4.32756,7.47621,0.155264
5.02094,4.31671,7.58482,0.674845
5.01685,4.3064,7.6973,0.144994
4.99493,4.29563,7.80559,0.663432
4.99088,4.28537,7.91754,0.143424
4.96945,4.27467,8.0254,0.65257
4.96546,4.26447,8.13672,0.141354
4.9445,4.25383,8.24406,0.641887
4.94058,4.24368,8.35467,0.138869
4.92007,4.2331,8.46138,0.631457
4.91256,4.22292,8.57058,0.261525
4.91156,4.21285,8.68001,0.035726
4.89348,4.20229,8.78523,0.572803
4.88957,4.19214,8.89284,0.138318
4.86939,4.18156,8.99663,0.62375
4.86569,4.17145,9.10329,0.13141
4.84594,4.16091,9.20619,0.613508
4.84233,4.15084,9.31179,0.128262
4.82298,4.14035,9.41371,0.603901
4.81659,4.13024,9.51774,0.224132
4.81273,4.12015,9.62115,0.136885
4.79897,4.10977,9.72181,0.455924
4.79204,4.09957,9.8231,0.242288
4.77674,4.08915,9.92212,0.499707
4.76687,4.07891,10.0217,0.338327
4.76548,4.06885,10.1217,0.0494093
4.74821,4.05834,10.2179,0.552072
4.74398,4.0482,10.3158,0.149765
4.73077,4.03779,10.4111,0.440113
4.72133,4.02749,10.5065,0.324867
4.72018,4.01737,10.6021,0.0410406
4.70312,4.00679,10.694,0.546502
4.69992,3.99659,10.7876,0.11372
4.68145,3.98598,10.8776,0.582438
4.67544,3.97573,10.9691,0.210984
4.67221,3.96549,11.0599,0.114784
4.65918,3.95495,11.1479,0.434845
4.65279,3.94458,11.2362,0.224116
4.63811,3.93399,11.3221,0.482285
4.6287,3.92357,11.4082,0.323799
4.62784,3.91331,11.4945,0.0305091
4.61127,3.90261,11.5771,0.533862
4.60833,3.89227,11.661,0.10437
4.59031,3.88151,11.7415,0.571192
4.58451,3.87111,11.8231,0.203774
4.58163,3.86071,11.9039,0.10262
4.56897,3.85002,11.9819,0.423871
4.56287,3.83948,12.06,0.214386
4.54849,3.82872,12.1357,0.473647
4.53931,3.81812,12.2114,0.316554
4.53873,3.80768,12.287,0.0206373
4.52248,3.79679,12.3591,0.525176
4.51973,3.78625,12.4322,0.0977331
4.50196,3.7753,12.5019,0.564728
4.4963,3.76469,12.5725,0.199293
4.49457,3.7541,12.6422,0.0617837
4.47682,3.74307,12.7085,0.564341
4.4741,3.73244,12.7759,0.0966989
4.45648,3.7214,12.8401,0.560968
4.45089,3.71069,12.9049,0.19657
4.44838,3.69999,12.9687,0.0892726
4.43611,3.68899,13.0299,0.412671
4.43029,3.67813,13.0907,0.204489
4.41619,3.66705,13.1494,0.46594
4.40719,3.65611,13.2076,0.310445
4.40688,3.64532,13.2655,0.0109963
4.39091,3.6341,13.3202,0.51787
4.38533,3.62314,13.375,0.196381
4.38279,3.61218,13.4287,0.0902166
4.3703,3.60092,13.4799,0.419138
4.36438,3.58982,13.5306,0.208118
4.34999,3.57848,13.5792,0.473923
4.34165,3.5673,13.6273,0.289154
4.33773,3.55617,13.6745,0.139082
4.32446,3.54478,13.7194,0.441785
4.31844,3.53356,13.7639,0.211515
4.30404,3.52211,13.8062,0.474326
4.29489,3.51079,13.848,0.315658
4.29451,3.49963,13.8891,0.0133693
4.27823,3.48804,13.9274,0.525964
4.27554,3.47676,13.9657,0.0958017
4.25755,3.46509,14.0014,0.570425
4.25177,3.45373,14.0369,0.203211
4.24916,3.44237,14.0712,0.0926815
4.23648,3.43071,14.1035,0.424635
4.23143,3.41922,14.1349,0.178328
4.21082,3.40736,14.1641,0.63373
4.20502,3.39588,14.1931,0.20416
4.20238,3.38439,14.2209,0.0937292
4.18965,3.37262,14.2467,0.426236
4.18354,3.36099,14.2717,0.2145
4.16878,3.34913,14.2948,0.484449
4.15929,3.3374,14.317,0.326414
4.15868,3.32582,14.3383,0.0217327
4.14293,3.31384,14.3575,0.511797
4.13612,3.30206,14.3759,0.238174
4.12089,3.29007,14.3927,0.497489
4.11123,3.27822,14.4084,0.331801
4.11052,3.26652,14.4232,0.0253708
4.09359,3.2544,14.436,0.543192
4.0905,3.24259,14.4481,0.109735
4.07169,3.2304,14.4584,0.590703
4.0654,3.2185,14.4678,0.220646
4.06331,3.20663,14.4759,0.0745715
4.04431,3.19434,14.4825,0.595414
4.04102,3.18242,14.4881,0.11701
4.02191,3.17011,14.4922,0.598024
4.01546,3.1581,14.4952,0.226282
4.01225,3.1461,14.4969,0.113917
3.99862,3.13382,14.4974,0.452492
3.9918,3.12168,14.4966,0.238302
3.97596,3.10931,14.4946,0.514399
3.96647,3.0971,14.4913,0.326307
3.96158,3.08495,14.4867,0.172481
3.94677,3.07254,14.4811,0.485898
3.93962,3.06029,14.4741,0.249797
3.92342,3.04783,14.466,0.523764
3.91283,3.03551,14.4566,0.361187
3.91134,3.02334,14.4457,0.0530871
3.89413,3.01078,14.4342,0.550414
3.88632,2.99843,14.4211,0.271472
3.86955,2.98588,14.4071,0.539213
3.85867,2.97348,14.3917,0.369905
3.85697,2.96122,14.3747,0.0605112
3.83833,2.94856,14.3574,0.586691
3.83426,2.93622,14.3382,0.144037
3.81475,2.92352,14.3186,0.608038
3.80327,2.91103,14.2973,0.388554
3.80123,2.8987,14.2743,0.0725742
3.78214,2.88597,14.2513,0.597733
3.77786,2.87356,14.2262,0.151378
3.75676,2.86077,14.2011,0.645107
3.74915,2.84831,14.1737,0.26484
3.74579,2.83587,14.145,0.119547
3.72436,2.82303,14.1168,0.65234
3.71988,2.81056,14.0858,0.158674
3.69835,2.79773,14.0553,0.654628
3.69385,2.78527,14.0219,0.159216
3.67242,2.77244,13.9891,0.652571
3.66456,2.75993,13.9536,0.273408
3.66098,2.74745,13.9169,0.12687
3.63926,2.73457,13.881,0.658992
3.63454,2.72207,13.8421,0.166942
3.61268,2.7092,13.804,0.662116
3.60459,2.69665,13.7631,0.280857
3.59978,2.68412,13.7209,0.169907
3.58382,2.67132,13.6792,0.517456
3.57629,2.65869,13.6354,0.262021
3.55075,2.64571,13.5927,0.738779
3.54272,2.63315,13.5462,0.278841
3.53778,2.6206,13.4987,0.174661
3.52154,2.60778,13.4518,0.524947
3.51269,2.59512,13.4028,0.305596
3.49384,2.58225,13.3542,0.59179
3.48214,2.56957,13.3034,0.395353
3.47529,2.55695,13.2509,0.239513
3.45763,2.5441,13.1992,0.562065
3.44845,2.53144,13.1451,0.316448
3.42923,2.51857,13.0915,0.600676
3.41636,2.50587,13.0356,0.430371
3.41307,2.49334,12.9775,0.116738
3.3929,2.48043,12.9214,0.623569
3.38317,2.46777,12.8623,0.334192
3.36341,2.4549,12.8039,0.613794
3.35031,2.44222,12.7431,0.436824
3.34688,2.42971,12.6798,0.1218
3.32647,2.41682,12.6189,0.629128
3.31658,2.40418,12.5549,0.339218
3.29658,2.39134,12.4918,0.61952
3.28694,2.37875,12.4255,0.330973
3.26728,2.36596,12.3602,0.611641
3.25406,2.35334,12.2924,0.440367
3.25057,2.3409,12.2221,0.124016
3.23015,2.32808,12.1545,0.62946
3.22013,2.31551,12.0836,0.343043
3.20002,2.30274,12.0138,0.622071
3.18661,2.29016,11.9414,0.446034
3.18299,2.27776,11.8664,0.128442
3.16104,2.26495,11.7947,0.664206
3.15513,2.25251,11.7184,0.207857
3.13222,2.23971,11.645,0.684845
3.11839,2.22717,11.5682,0.45829
3.11455,2.21482,11.4888,0.135999
3.09229,2.20205,11.4128,0.671091
3.08628,2.18967,11.3321,0.211091
3.06318,2.17692,11.2545,0.688993
3.04921,2.16444,11.1735,0.462122
3.04529,2.15215,11.0897,0.138937
3.02286,2.13944,11.0096,0.674714
3.01677,2.12713,10.9247,0.213832
2.99206,2.11441,10.8433,0.722405
2.9825,2.10209,10.7571,0.328559
2.97743,2.08982,10.6697,0.178759
2.95254,2.07713,10.5864,0.725994
2.94646,2.06489,10.4974,0.213298
2.92163,2.05226,10.4121,0.724848
2.91561,2.04008,10.3213,0.211258
2.89251,2.02753,10.2339,0.689188
2.87838,2.01525,10.143,0.466696
2.87442,2.00318,10.0493,0.140234
2.852,1.99068,9.95972,0.674459
2.84583,1.97859,9.86522,0.216684
2.82106,1.96609,9.77465,0.723483
2.81138,1.95399,9.67912,0.332504
2.80629,1.94196,9.58246,0.179263
2.7814,1.92948,9.49021,0.725972
2.77524,1.91748,9.39221,0.216248
2.75034,1.90507,9.29832,0.726144
2.74059,1.89307,9.19943,0.334518
2.73547,1.88114,9.09944,0.180558
2.71047,1.86876,9.00399,0.728288
2.70427,1.85687,8.90277,0.217488
2.67926,1.84456,8.80577,0.728262
2.66947,1.83267,8.70375,0.336064
2.66322,1.82082,8.60091,0.219199
2.645,1.80869,8.50091,0.576183
2.63591,1.7968,8.39798,0.31341
2.60674,1.78449,8.2993,0.805076
2.60107,1.77281,8.19343,0.199606
2.5766,1.7607,8.09193,0.717433
2.56682,1.74901,7.98565,0.335727
2.56178,1.73739,7.87838,0.177835
2.53696,1.72532,7.77581,0.724428
2.53077,1.71374,7.66762,0.217335
2.50588,1.70174,7.5638,0.725888
2.49608,1.69017,7.45512,0.336413
2.4899,1.67866,7.34574,0.216655
2.47182,1.66685,7.23933,0.572691
2.4628,1.65529,7.13015,0.31124
2.43378,1.64331,7.02534,0.802527
2.42442,1.63189,6.91432,0.322387
2.41838,1.62053,6.80278,0.21205
2.40035,1.60886,6.69426,0.571444
2.39134,1.59745,6.58308,0.310773
2.36229,1.58561,6.47628,0.803011
2.35663,1.57442,6.36264,0.199322
2.33225,1.5628,6.25345,0.715693
2.32248,1.55161,6.13981,0.335321
2.31643,1.54049,6.02559,0.212317
2.29857,1.52906,5.91438,0.56713
2.28969,1.51789,5.80066,0.306865
2.26096,1.50629,5.69128,0.797527
2.25161,1.49528,5.57611,0.321577
2.2457,1.48432,5.46054,0.207847
2.22788,1.47306,5.34801,0.56599
2.21902,1.46205,5.23308,0.306108
2.19027,1.45061,5.12246,0.797824
2.18095,1.43977,5.00623,0.321013
2.17506,1.42898,4.88965,0.206926
2.15726,1.41789,4.7761,0.565538
2.14844,1.40707,4.66026,0.304895
2.11972,1.3958,4.54869,0.797408
2.11042,1.38514,4.43169,0.32005
2.10458,1.37454,4.31442,0.205451
2.08683,1.36363,4.20015,0.564362
2.07683,1.35297,4.08394,0.342544
2.0561,1.34207,3.97008,0.636546
2.04714,1.33153,3.85326,0.30938
2.01864,1.32056,3.74051,0.79346
2.00948,1.31021,3.6227,0.315787
2.00384,1.29992,3.50469,0.198482
1.98644,1.28932,3.38961,0.555312
1.97788,1.27899,3.27259,0.296066
1.94974,1.26822,3.1596,0.787193
1.94058,1.25807,3.04188,0.315818
1.93498,1.24798,2.924,0.197081
1.91763,1.23759,2.80901,0.553945
1.90915,1.22747,2.6922,0.293681
1.88111,1.2169,2.57934,0.785413
1.87201,1.20696,2.46198,0.313829
1.86649,1.19709,2.34453,0.194355
1.84925,1.1869,2.22991,0.55132
1.83964,1.17698,2.11381,0.330071
1.8195,1.16681,1.99995,0.622906
1.8068,1.15693,1.88443,0.425241
1.7995,1.14721,1.76827,0.254558
1.78105,1.13721,1.65462,0.581902
1.7714,1.12751,1.53932,0.331571
1.75136,1.11757,1.42618,0.620465
1.7429,1.10802,1.31089,0.292942
1.71544,1.09803,1.19915,0.774996
1.70662,1.08868,1.08362,0.304676
1.7015,1.07941,0.968139,0.180445
1.6849,1.06982,0.855284,0.534532
1.67576,1.0605,0.741319,0.315216
1.65633,1.05093,0.629459,0.605868
1.64409,1.04166,0.516344,0.411593
1.63727,1.03255,0.402825,0.238712
1.61954,1.02316,0.291641,0.563752
1.61036,1.01407,0.179219,0.316235
1.59107,1.00475,0.0688161,0.602585
1.579,0.995723,-0.0427137,0.406383
1.57237,0.986867,-0.154562,0.232429
1.5549,0.977726,-0.264148,0.557099
1.54592,0.968894,-0.374821,0.309879
1.52691,0.959826,-0.483534,0.595712
1.51909,0.951154,-0.59374,0.271853
1.49298,0.942033,-0.700888,0.749846
1.48461,0.933563,-0.810776,0.290007
1.48016,0.925186,-0.920453,0.157467
1.46457,0.916488,-1.02782,0.507366
1.4562,0.908056,-1.13583,0.289924
1.43793,0.899382,-1.24194,0.577595
1.42648,0.891002,-1.3488,0.387599
1.42046,0.882797,-1.45576,0.211328
1.40391,0.874304,-1.56066,0.533213
1.39556,0.866121,-1.66628,0.28935
1.37751,0.857701,-1.7701,0.572027
1.3663,0.84958,-1.87454,0.380274
1.36054,0.841635,-1.97902,0.202686
1.34434,0.833403,-2.08151,0.523916
1.33625,0.82548,-2.1846,0.280651
1.31857,0.817321,-2.28594,0.562573
1.31161,0.809558,-2.38818,0.243427
1.28721,0.80135,-2.48787,0.716023
1.27948,0.79378,-2.58936,0.269038
1.27591,0.786318,-2.6905,0.126488
1.26162,0.778533,-2.78966,0.471237
1.25427,0.771011,-2.88906,0.256343
1.23745,0.763249,-2.98681,0.540319
1.22704,0.755774,-3.08484,0.355472
1.22207,0.748478,-3.18276,0.17548
1.20699,0.740893,-3.27888,0.493496
1.1997,0.733611,-3.37529,0.254149
1.18318,0.726093,-3.47012,0.532479
1.17307,0.718866,-3.56516,0.345922
1.16842,0.711817,-3.66002,0.164507
1.15376,0.70448,-3.75317,0.481693
1.1468,0.697443,-3.8465,0.243149
1.13072,0.69017,-3.93832,0.520598
1.12096,0.683184,-4.03024,0.335154
1.11664,0.676378,-4.12193,0.152658
1.10243,0.669282,-4.21198,0.469068
1.09582,0.662483,-4.30212,0.231495
1.08021,0.655448,-4.3908,0.507983
1.07349,0.648765,-4.4797,0.235308
1.05807,0.641858,-4.5672,0.502608
1.04888,0.635234,-4.6547,0.316722
1.04516,0.628789,-4.74189,0.132091
1.03177,0.622053,-4.82755,0.445343
1.02576,0.615606,-4.91318,0.211026
1.011,0.608923,-4.99743,0.484604
1.00221,0.602512,-5.08158,0.303792
0.99886,0.596279,-5.1654,0.11887
0.985942,0.589753,-5.24773,0.431685
0.980305,0.583511,-5.32997,0.198379
0.966019,0.577033,-5.41088,0.47118
0.957606,0.570822,-5.49162,0.291488
0.95463,0.564786,-5.57199,0.105725
0.942179,0.558456,-5.65095,0.417874
0.936916,0.552405,-5.72973,0.185517
0.923109,0.546117,-5.80724,0.457531
0.917688,0.54016,-5.88466,0.190945
0.904049,0.533978,-5.96086,0.45269
0.896234,0.528058,-6.03682,0.271805
0.89387,0.522311,-6.11236,0.0841192
0.882231,0.516269,-6.18657,0.393403
0.877592,0.510494,-6.26053,0.16396
0.864615,0.504482,-6.33328,0.433426
0.857218,0.498719,-6.40572,0.257888
0.855238,0.493125,-6.47772,0.0705136
0.844047,0.487233,-6.54843,0.379695
0.839777,0.481603,-6.61884,0.151144
0.82725,0.475733,-6.68807,0.420126
0.820223,0.470107,-6.75696,0.245506
0.818605,0.464647,-6.82538,0.057636
0.807842,0.458885,-6.89255,0.36648
0.803928,0.453381,-6.95938,0.138696
0.791834,0.447634,-7.02506,0.407172
0.785167,0.442127,-7.09036,0.233415
0.7839,0.436781,-7.15517,0.0451695
0.773547,0.431131,-7.21876,0.353687
0.769976,0.425733,-7.28198,0.126645
0.758296,0.42009,-7.34408,0.39467
0.754501,0.414748,-7.40586,0.134497
0.742933,0.409175,-7.46656,0.391275
0.736801,0.403836,-7.52683,0.215294
0.736081,0.398655,-7.58658,0.0256519
0.72642,0.393168,-7.64518,0.331803
0.723404,0.38792,-7.70334,0.107143
0.712423,0.382426,-7.76044,0.373225
0.706661,0.377153,-7.81706,0.20267
0.706265,0.372033,-7.87314,0.014095
0.696952,0.366601,-7.92809,0.320658
0.694232,0.361406,-7.98257,0.0966973
0.683592,0.35596,-8.03601,0.362663
0.678122,0.35073,-8.08894,0.192646
0.678007,0.345648,-8.1413,0.00410226
0.669003,0.340254,-8.19256,0.310697
0.66655,0.335089,-8.24332,0.0872302
0.656217,0.329671,-8.29305,0.353061
0.653485,0.324532,-8.34232,0.0971254
0.643209,0.319153,-8.39059,0.35125
0.644791,0.314167,-8.43851,-0.0563563
0.625163,0.308512,-8.48499,0.610693
0.596505,0.30282,-8.53064,0.796263
0.569366,0.297509,-8.57591,0.769041
0.541872,0.292514,-8.62073,0.775537
0.514605,0.287865,-8.66515,0.771389
0.48741,0.283561,-8.70917,0.770073
0.460341,0.27961,-8.75283,0.767733
0.433396,0.276017,-8.79614,0.765464
0.406584,0.272788,-8.83913,0.762988
0.379909,0.269929,-8.88183,0.760408
0.353378,0.267445,-8.92427,0.757738
0.326994,0.265342,-8.96648,0.754944
0.30076,0.263624,-9.00848,0.752093
0.274679,0.262296,-9.05032,0.749184
0.248752,0.261363,-9.09203,0.74623
0.222979,0.260829,-9.13364,0.743276
0.197359,0.260698,-9.1752,0.740303
0.171889,0.260974,-9.21672,0.737361
0.146567,0.261661,-9.25826,0.734475
0.121389,0.262763,-9.29984,0.731647
0.096348,0.264283,-9.34149,0.728924
0.0714396,0.266224,-9.38326,0.72629
0.0466548,0.268589,-9.42518,0.723822
0.0219866,0.271381,-9.46726,0.721482
-0.0025752,0.274601,-9.50954,0.719338
-0.0270411,0.278253,-9.55205,0.717401
-0.051423,0.282339,-9.5948,0.715696
-0.0757325,0.286859,-9.63782,0.714226
-0.0999836,0.291815,-9.6811,0.713034
-0.124191,0.297209,-9.72467,0.712135
-0.148369,0.303041,-9.76853,0.711552
-0.172534,0.309312,-9.81266,0.711269
-0.196703,0.316021,-9.85707,0.711371
-0.220895,0.323169,-9.90173,0.711813
-0.245126,0.330753,-9.94662,0.712634
-0.269418,0.338774,-9.99171,0.713858
-0.29379,0.347228,-10.037,0.715498
-0.318262,0.356115,-10.0823,0.717535
-0.342858,0.365429,-10.1277,0.720022
-0.386257,0.374765,-10.1743,0.997138
-0.380222,0.385781,-10.2165,-0.211969
-0.370244,0.396934,-10.2594,-0.341874
-0.356197,0.408184,-10.3031,-0.464393
-0.345068,0.419342,-10.3483,-0.377779
-0.331416,0.430553,-10.3945,-0.453068
-0.315123,0.441791,-10.4418,-0.526368
-0.302817,0.45289,-10.4908,-0.413521
-0.286864,0.464051,-10.5406,-0.517249
-0.274181,0.475091,-10.5922,-0.42476
-0.257543,0.486194,-10.6446,-0.535492
-0.244289,0.497164,-10.6987,-0.441542
-0.226915,0.508194,-10.7537,-0.55469
-0.212089,0.519099,-10.8104,-0.486354
-0.197884,0.529945,-10.8685,-0.468867
-0.183662,0.540754,-10.9278,-0.469373
-0.170233,0.551506,-10.9886,-0.44663
-0.151503,0.56234,-11.05,-0.588875
-0.13537,0.573027,-11.1132,-0.522068
-0.119758,0.58364,-11.1779,-0.508016
-0.104128,0.594194,-11.2439,-0.508491
-0.0872315,0.604716,-11.3112,-0.542281
-0.0747325,0.615066,-11.3803,-0.419295
-0.064042,0.625351,-11.4508,-0.364226
-0.035728,0.636018,-11.5205,-0.790227
0.0134368,0.646941,-11.59,-1.05245
0.0415939,0.656936,-11.6653,-0.787449
0.093977,0.667269,-11.7402,-1.07929
0.120601,0.676472,-11.8213,-0.759467
0.17767,0.686185,-11.9015,-1.11408
0.201328,0.694462,-11.9884,-0.700795
0.264152,0.703513,-12.0736,-1.15098
0.283992,0.710741,-12.1663,-0.615757
0.351596,0.719029,-12.2566,-1.1776
0.368547,0.725152,-12.3544,-0.543726
0.438216,0.732523,-12.4497,-1.18814
0.454339,0.737543,-12.5518,-0.5218
0.524951,0.743885,-12.6519,-1.19277
0.540936,0.747759,-12.7576,-0.518102
0.611729,0.752974,-12.8619,-1.19365
0.627959,0.755654,-12.9704,-0.52467
0.698099,0.759645,-13.0781,-1.19046
0.714993,0.761096,-13.1885,-0.542223
0.78372,0.763777,-13.2988,-1.1834
0.801638,0.763972,-13.4102,-0.568592
0.868225,0.765271,-13.5219,-1.17221
0.887516,0.764194,-13.6333,-0.602588
0.951297,0.764052,-13.7454,-1.15658
0.972284,0.761699,-13.8556,-0.642471
1.03268,0.760078,-13.9667,-1.13615
1.07552,0.757,-14.0758,-0.99117
1.08312,0.75226,-14.1813,-0.264651
1.08078,0.747066,-14.2851,0.0833229
1.07021,0.741609,-14.3878,0.360549
1.05596,0.736129,-14.4898,0.470099
1.04093,0.730758,-14.5915,0.491999
1.026,0.725533,-14.6929,0.489133
1.01136,0.720461,-14.7941,0.481129
0.997046,0.715541,-14.895,0.472074
0.983058,0.710771,-14.9957,0.462701
0.969402,0.70615,-15.0962,0.453198
0.956077,0.701674,-15.1964,0.443601
0.943083,0.697342,-15.2963,0.433923
0.930419,0.69315,-15.396,0.424199
0.918082,0.689097,-15.4954,0.414438
0.906073,0.685179,-15.5946,0.404647
0.894386,0.681395,-15.6935,0.39487
0.88302,0.67774,-15.7922,0.385096
0.87173,0.674206,-15.8906,0.382753
0.861781,0.67083,-15.9887,0.340947
0.851678,0.66755,-16.0866,0.345781
0.841589,0.664376,-16.1843,0.345363
0.831689,0.661315,-16.2816,0.339383
0.822052,0.658367,-16.3788,0.33103
0.812702,0.655531,-16.4757,0.321826
0.803644,0.652805,-16.5723,0.312463
0.794764,0.650182,-16.6687,0.306672
0.786635,0.647677,-16.765,0.282152
0.778592,0.645263,-16.8609,0.279328
0.770676,0.642941,-16.9567,0.275131
0.762963,0.640711,-17.0522,0.268427
0.755488,0.638574,-17.1476,0.260505
0.748218,0.636527,-17.2427,0.253657
0.741396,0.634573,-17.3377,0.238632
0.734738,0.632701,-17.4324,0.233129
0.728254,0.630909,-17.527,0.227232
0.722898,0.629222,-17.6214,0.188733
0.71696,0.627577,-17.7156,0.20866
0.701822,0.625738,-17.8095,0.495022
0.684199,0.624038,-17.9033,0.561058
0.658205,0.62235,-17.9969,0.747531
0.641127,0.621298,-18.0906,0.547013
0.624841,0.620522,-18.1842,0.526171
0.610758,0.620053,-18.2778,0.465423
0.59143,0.61965,-18.3713,0.603468
0.577149,0.619689,-18.4649,0.471054
0.564649,0.620005,-18.5583,0.419313
0.554385,0.620588,-18.6518,0.350883
0.539762,0.621217,-18.7454,0.48069
0.526815,0.622135,-18.8389,0.43254
0.523912,0.623556,-18.9324,0.103137
0.526478,0.6252,-19.0258,-0.0912316
0.531813,0.626907,-19.1195,-0.188003
0.538315,0.628591,-19.2134,-0.227843
0.545137,0.630208,-19.3075,-0.238646
0.55191,0.631742,-19.402,-0.236988
0.558482,0.633188,-19.4966,-0.230233
0.564849,0.634547,-19.5915,-0.223245
0.57096,0.63582,-19.6866,-0.214584
0.576811,0.63701,-19.7819,-0.205683
0.582405,0.638119,-19.8774,-0.196917
0.587728,0.63915,-19.9731,-0.18759
0.5929,0.640109,-20.069,-0.182399
0.597821,0.640994,-20.165,-0.173707
0.60249,0.641808,-20.2611,-0.165012
0.606925,0.642555,-20.3573,-0.156836
0.611104,0.643236,-20.4537,-0.147958
0.615205,0.64386,-20.5502,-0.145193
0.619074,0.644423,-20.6467,-0.137109
0.622711,0.644927,-20.7434,-0.128976
0.626098,0.645374,-20.8401,-0.120198
0.629446,0.645773,-20.9369,-0.118851
0.632578,0.64612,-21.0337,-0.111239
0.635494,0.646417,-21.1306,-0.103597
0.638217,0.646667,-21.2276,-0.0968
0.640723,0.646872,-21.3246,-0.0891344
0.643246,0.647041,-21.4216,-0.0897485
0.645579,0.647167,-21.5186,-0.0829974
0.647718,0.647253,-21.6156,-0.0761153
0.649688,0.647302,-21.7127,-0.0701379
0.651464,0.647315,-21.8098,-0.0632477
0.653296,0.647301,-21.9068,-0.0652413
0.65496,0.647254,-22.0039,-0.0592617
0.65645,0.647175,-22.101,-0.0531166
0.657747,0.647065,-22.198,-0.0461918
0.659115,0.646935,-22.295,-0.0487422
0.660327,0.646777,-22.392,-0.0432076
0.661381,0.646593,-22.489,-0.0375614
0.662304,0.646386,-22.586,-0.0329025
0.66307,0.646157,-22.6829,-0.0273263
0.663941,0.645914,-22.7798,-0.0310497
0.664681,0.645651,-22.8767,-0.0263654
0.665282,0.645367,-22.9736,-0.0214436
0.665773,0.645067,-23.0704,-0.0175046
0.666126,0.64475,-23.1671,-0.0125996
0.666601,0.644426,-23.2638,-0.0169335
0.666963,0.644086,-23.3605,-0.0129015
0.667204,0.643732,-23.4571,-0.00860188
0.667305,0.643364,-23.5537,-0.00358535
0.667525,0.642992,-23.6502,-0.00786
0.667641,0.642608,-23.7467,-0.00413202
0.667648,0.642213,-23.8431,-0.00023644
0.667572,0.641809,-23.9395,0.00270631
0.667389,0.641397,-24.0358,0.00650994
0.667343,0.640985,-24.1321,0.00163143
0.667212,0.640565,-24.2283,0.0046829
0.666989,0.640138,-24.3245,0.00796938
0.666697,0.639706,-24.4206,0.0103926
0.666313,0.639269,-24.5167,0.0136885
0.66607,0.638835,-24.6126,0.00869275
0.665753,0.638396,-24.7086,0.0112797
0.665358,0.637952,-24.8045,0.014101
0.664865,0.637506,-24.9003,0.0175599
0.664503,0.637063,-24.9961,0.0129296
0.664073,0.636618,-25.0918,0.0153348
0.663571,0.63617,-25.1874,0.0178873
0.663021,0.635722,-25.283,0.0196119
0.662402,0.635273,-25.3785,0.0220757
0.661918,0.634831,-25.474,0.0172432
0.661382,0.634388,-25.5694,0.0191186
0.660787,0.633945,-25.6648,0.0212071
0.660154,0.633503,-25.7601,0.0225953
0.659463,0.633062,-25.8553,0.0246419
0.658901,0.632629,-25.9505,0.0200147
0.658296,0.632197,-26.0457,0.0215749
0.657642,0.631767,-26.1407,0.0233227
0.656924,0.631338,-26.2358,0.0255991
0.656324,0.630916,-26.3307,0.0213843
0.655683,0.630497,-26.4257,0.0228516
0.654999,0.63008,-26.5205,0.0243934
0.654288,0.629666,-26.6153,0.02534
0.653536,0.629256,-26.7101,0.0268205
0.6529,0.628854,-26.8048,0.0226667
0.652235,0.628456,-26.8994,0.0237256
0.651535,0.62806,-26.994,0.0249644
0.650788,0.627668,-27.0886,0.026627
0.650145,0.627285,-27.1831,0.022918
0.649474,0.626905,-27.2775,0.0239171
0.648773,0.626529,-27.3719,0.0250053
0.648055,0.626157,-27.4663,0.0255939
0.647309,0.62579,-27.5606,0.026613
0.646664,0.625432,-27.6548,0.0229882
0.645999,0.625077,-27.749,0.0237007
0.645311,0.624727,-27.8432,0.0245414
0.644611,0.624382,-27.9373,0.0249507