psi_1,psi_2,y2,psi_1d,psi_2d,y2d,action
6.283185307179586,6.283185307179586,-16.0,0.0,0.0,0.0,0.0
6.283185307179586,6.283185307179586,-16.0,-0.0,-0.0,4.927978719768949e-16,0.0
6.255143495332896,6.28260376641853,-15.999947339465232,-0.3505226480836236,-0.0045496587862870344,0.001171241918445778,0.7853981852531433
6.227101683486206,6.282459759847504,-15.99983609410994,-0.3505226480836236,0.0009642581656945006,0.0014616456230429503,0.7853981852531433
6.199059871639515,6.28276037041748,-15.999737385976111,-0.3505226480836236,0.0065652605517514066,0.0008555908787182142,0.7853981852531433
6.171018059792825,6.283512436420524,-15.999723398769747,-0.3505226480836236,0.012250054539793604,-0.0006577566697638156,0.7853981852531433
6.142976247946135,6.28472251296044,-15.999866973827423,-0.3505226480836236,0.018014849027866563,-0.0030839130346813747,0.7853981852531433
6.114934436099444,6.286396830916577,-16.000241162725516,-0.3505226480836236,0.023855324289771683,-0.00642252510622934,0.7853981852531433
6.086892624252754,6.288541253406375,-16.000918735246728,-0.3505226480836236,0.029766600855923232,-0.010666806234541415,0.7853981852531433
6.085629868512654,6.291703254327298,-16.002011752622188,-0.015784446751251808,0.03995395231540678,-0.016783275336607204,0.04500077393205021
6.0927250374928,6.295103938555447,-16.00361879520877,0.08868961225182663,0.0421514493656958,-0.023428706499272093,-0.2478199870939608
6.102563425616844,6.298502991627374,-16.005761048038597,0.12297985155055306,0.0418656205768508,-0.03012192700187384,-0.3374292671023599
6.112957411710854,6.301813198477427,-16.00843415789955,0.12992482617511772,0.04069185536762286,-0.036679037148439904,-0.35496057481327015
6.1232586836693645,6.305011172599598,-16.011624279512887,0.12876589948139058,0.03928601011765892,-0.04303957911702219,-0.35205054253153945
6.133309303643772,6.308093212980809,-16.01531485583295,0.1256327496800957,0.03784888466111841,-0.04918827239152572,-0.34415216263927795
6.142691552622291,6.311052709445157,-16.019488453719656,0.1172781122314845,0.03636914994540384,-0.0551104826011218,-0.3228727621099079
6.152128670209164,6.313912839862637,-16.024127607291017,0.11796396983591288,0.03511130716600835,-0.060837570087128104,-0.3246314096026103
6.161365164168201,6.316665831254948,-16.02921716801508,0.11545617448795539,0.03378039335955832,-0.06636631335666004,-0.3181909817982562
6.170338938247025,6.31931174645379,-16.03474091108479,0.11217217598530227,0.0324563866477399,-0.07169130424340285,-0.3097156991289468
6.179038182199045,6.321852664200735,-16.040682552896836,0.10874054940025525,0.03115979937748922,-0.07681398280271795,-0.30081004773244446
6.187464064161402,6.324291160734003,-16.04702603041352,0.10532352452945404,0.029895631348878755,-0.08173771933828433,-0.29189312396156386
6.195442049027493,6.326626233449347,-16.05375545743441,0.09972481082614064,0.02863597821017983,-0.08646061204061153,-0.27717960698899313
6.203323492113012,6.328870442524841,-16.06085509392345,0.0985180385689788,0.027500271615047308,-0.09099993137441865,-0.2739917483590735
6.210991573109051,6.331021395504568,-16.068310710294565,0.09585101245049278,0.026345891838005297,-0.0953581274630968,-0.26692619556103847
6.218417415614825,6.333080317063449,-16.076107711426165,0.09282303132218078,0.025209819144143608,-0.09953456980153497,-0.25887119890411503
6.225597030694754,6.335049427043488,-16.084231655340687,0.08974518849911582,0.024102154124390533,-0.10353230585306694,-0.25064819820342776
6.232483674574818,6.336930169355373,-16.09266836744837,0.08608304850079804,0.023017318744380285,-0.10735379458059738,-0.2408189211417121
6.2391919353982415,6.3387280864810185,-16.10140398098512,0.08385326029279945,0.02199110029002605,-0.11100762563978371,-0.23481065700535375
6.245683168133375,6.340443842773147,-16.110425337036194,0.08114040918917521,0.02097708164167203,-0.11449724645154356,-0.22747743729739545
6.251949926572335,6.342079373321923,-16.119719377551817,0.07833448048699258,0.019988208920951784,-0.11782533979154254,-0.21986634241239067
6.2579940395732585,6.3436369588869574,-16.12927333247931,0.07555141251154329,0.019027923197911124,-0.12099591947464658,-0.2122915923469434
6.263869770763322,6.345119976864845,-16.139074814964992,0.07344663987579471,0.01810487307676161,-0.1240150746157232,-0.20654645628651014
6.269512576570189,6.346528546759797,-16.149111842446803,0.07053507258582893,0.017189710356831037,-0.12688423118965256,-0.19857632711369566
6.27494002836856,6.3478655147743135,-16.159372523422753,0.0678431474796443,0.016308701147132947,-0.1296075567785837,-0.19118460892090883
6.280161515679942,6.349133328936677,-16.16984539852324,0.06526859139227917,0.015457631247700096,-0.1321900466587093,-0.1840953194736339
6.285183809934654,6.350334276869584,-16.180519386569518,0.06277867818390526,0.014634735037411408,-0.13463627661923905,-0.17722124528534555
6.29013785760481,6.3514731493267815,-16.19138388936965,0.06192559587694496,0.013859291466140263,-0.13695510691400983,-0.1748621501691312
6.294824650941981,6.352545905569772,-16.202428678491405,0.05858491671464139,0.013052591980394487,-0.13914150021774727,-0.16560518971412863
6.299302022239031,6.353556920347976,-16.213643224432634,0.0559671412131204,0.012295319615751156,-0.1412008019071131,-0.1583312293565119
6.303592214865406,6.354508985853423,-16.225017641257374,0.05362740782968895,0.011571043697184435,-0.14313937872518065,-0.15181550497718754
6.307705952220911,6.355404349152483,-16.236542471165137,0.051421716943813936,0.010874031164650739,-0.14496201319306457,-0.1456611360051503
6.311831015284238,6.356248793594584,-16.24820882760471,0.051563288291574055,0.010231337461214789,-0.14667964738591074,-0.14605649061094694
6.315669321047793,6.357035143109854,-16.26000805174594,0.04797882204444408,0.009527693898107982,-0.14828140168231352,-0.13603260525240735
6.3193072890878526,6.357768814718322,-16.27193098360263,0.04547460050073466,0.008883770912319873,-0.14977426926548335,-0.12901312202411508
6.322776698966681,6.358452807539903,-16.283969226165997,0.04336762348535937,0.008274500843886609,-0.15116525808252193,-0.12309719053592993
6.3263051691392365,6.359093724468691,-16.296115119260136,0.044105877156938374,0.007725920591090795,-0.15246729538063059,-0.12517105297256526
6.329538074105984,6.359682583691697,-16.30836110378458,0.04041131208434792,0.007099246912887439,-0.1536656025933009,-0.11478198204670287
6.332579007492094,6.360225401035824,-16.320699073403084,0.03801166732637265,0.0065381308189559175,-0.15476875757366762,-0.10802071233310673
6.335465641390638,6.360725274990365,-16.333121736290803,0.03608292373179817,0.006012332046457201,-0.1557839370271603,-0.10257903364029741
6.338213550103264,6.361184296778533,-16.345622247935953,0.034348858907826046,0.005511344106431567,-0.15671570110921684,-0.09768139439645329
6.341073936390973,6.36160923008387,-16.35819445837736,0.03575482859637155,0.005070724213295744,-0.15757732596331603,-0.1016527433538541
6.343638027627047,6.3619892632703925,-16.370832061643735,0.03205114045092107,0.004534328829308949,-0.15834940943432022,-0.0911845789410548
6.3460230689454775,6.36233082589967,-16.383528201827456,0.029813016480389972,0.004067344766137218,-0.1590422892474235,-0.08484883289336198
6.348271469514908,6.362637032955935,-16.396276850921605,0.02810500711787984,0.00363541312762208,-0.15966297082234546,-0.080009125329151
6.350400228681486,6.362909847579683,-16.409072411535973,0.026609489582214697,0.003226535023011787,-0.16021568074265316,-0.07576842701990527
6.352678984952984,6.363156233769644,-16.4219100226914,0.028484453393732966,0.0028787163509435545,-0.16071432001453273,-0.08108463297077717
6.3546660545588916,6.363364221806309,-16.43478445230666,0.02483837007384172,0.002423797749193182,-0.16113607251600331,-0.07074270830392004
6.356487557269182,6.363540458123078,-16.447689976940776,0.022768783878630943,0.002040139518295675,-0.16149287756780445,-0.0648655415860791
6.358188971415823,6.363688015349484,-16.46062168765652,0.021267676833001535,0.0016906940405714448,-0.16179138414614144,-0.06059989696277557
6.360057575862571,6.3638143066044455,-16.473575568717898,0.023357555584358564,0.0014062174052748184,-0.16204663858894755,-0.0665379974499235
6.3616399630868345,6.363906927478767,-16.486547128135246,0.01977984030329412,0.0010103284339099895,-0.16223411330522375,-0.056369782321205486
6.3630673282072205,6.363972618877619,-16.499531461166242,0.017842064004819927,0.0006863855005086884,-0.16236687453865098,-0.05085742319408851
6.3643868872450335,6.3640143989688545,-16.512524458346146,0.016494487972666682,0.0003957961917081166,-0.16245123890634236,-0.04702215214214575
6.368466580920663,6.364093088005475,-16.5255278850438,0.05099617094537391,0.0005876480027551128,-0.16261258342292484,-0.14447247318497708
6.379682351672504,6.36425608734673,-16.538553906374016,0.14019713439801354,0.0009434771046189236,-0.16296719338421145,-0.3804770490469779
6.392149674011646,6.36426906317667,-16.551595640956773,0.15584152923928077,-0.001070647811793713,-0.16300052266197973,-0.4183522178456799
6.404230617259086,6.364075736997265,-16.564621697842853,0.15101179059299535,-0.0036314552390444114,-0.16258511852282415,-0.40678898752387627
6.415600443753356,6.363672288008175,-16.577596163777894,0.14212283117837865,-0.0062080490996647385,-0.1617189626086338,-0.3852041935974707
6.424608553082521,6.363032600432123,-16.590479157122548,0.11260136661456388,-0.00895016004456528,-0.16033823251516913,-0.31082599029115315
6.425352485733206,6.36206845963404,-16.603216943880927,0.009299158133558272,-0.01222047995145955,-0.1582444167885214,-0.026523186143249868
6.423584948101597,6.36102519533809,-16.61578949710801,-0.02209422039510383,-0.012969282266509724,-0.15611853580836269,0.06294894070753382
6.420995227561005,6.359976413413529,-16.628194168734513,-0.03237150675739583,-0.012957608832725655,-0.15402072496495328,0.09209089281275777
6.418175097366467,6.35894733654019,-16.640433453997858,-0.03525162743173574,-0.012686581865646102,-0.15197458950512535,0.10023174763313385
6.415546240739741,6.357950671751966,-16.652512128431617,-0.03286070783406873,-0.012297098765753389,-0.149997630283682,0.09347454581835701
6.412789901678846,6.356977297737776,-16.664434092644726,-0.034454238261187355,-0.011991055564946007,-0.1480627118365925,0.09797916119057692
6.410041027521143,6.356032407362753,-16.67620367463584,-0.03436092697128583,-0.01163291429275681,-0.14618609258317186,0.09771549558806891
6.407344564123844,6.355117268747248,-16.68782551742209,-0.033705792466241336,-0.011263236357684116,-0.14436848729069449,0.09586392908594071
6.404714728603621,6.3542318195370395,-16.69930430026614,-0.03287294400277662,-0.010895750018918208,-0.14260925073296282,0.09350914993604328
6.402320871236661,6.353378984193102,-16.71064507109438,-0.02992321708700185,-0.010508154642350257,-0.14091498310401487,0.08516095603670798
6.399868735940358,6.352549436794628,-16.72185184357389,-0.03065169120378675,-0.01020898201688314,-0.13926350888640981,0.08722380510205241
6.397443494720808,6.351746240656207,-16.732928664295184,-0.030315515244368856,-0.009879631120252705,-0.13766514730305493,0.08627193370114233
6.395073232751546,6.350969971368411,-16.74387976854986,-0.029628274615776374,-0.009545804821344614,-0.13612015287322593,0.08432554806660908
6.392895698141935,6.350223039702558,-16.75470970566328,-0.027219182620140114,-0.009195222841785904,-0.1346336623936341,0.07749761455047921
6.390682233275596,6.349498111216941,-16.76542227238574,-0.02766831082923559,-0.008914446396705016,-0.1331886566902235,0.07877111800872721
6.388500158228037,6.34879750386401,-16.77602122124951,-0.0272759380944864,-0.008611120932005837,-0.13179250050684357,0.07765855874159328
6.38637154276055,6.3481215643237965,-16.78651044960346,-0.026607693343594196,-0.008305610198988109,-0.1304453040288267,0.07576333192235757
6.384302935098624,6.347469972046607,-16.79689383765515,-0.025857595774068848,-0.008004786390717151,-0.12914627529401224,0.07363531100625481
6.382385853404958,6.346844058418805,-16.807175405016366,-0.0239635211708301,-0.0076962391343089395,-0.12789837428555137,0.06825890471403612
6.380457600041942,6.346238450580367,-16.81735864275212,-0.024103167037695987,-0.007439297436819757,-0.12668959244231978,0.06865543387781536
6.3785650525098605,6.3456546220569905,-16.827446939980884,-0.02365684415101971,-0.0071684265659996,-0.12552442096396424,0.06738800965812514
6.376723365440527,6.345092666589425,-16.837443772787466,-0.02302108836666665,-0.006897873886444154,-0.1244027332769132,0.06558227888233376
6.37493678828512,6.344552212192779,-16.847352584574057,-0.02233221444259166,-0.006632428740207958,-0.12332370996985394,0.06362519396892036
6.37326375416305,6.3440339366409635,-16.8571768756933,-0.020912926525867955,-0.006364224573840696,-0.12228886492618947,0.059591486686270956
6.371598255784278,6.343534189397622,-16.86691979773643,-0.02081872973464863,-0.006131529066186274,-0.12129026059795601,0.05932370319675612
6.369970856043662,6.3430537797498845,-16.87658438905707,-0.020342496757695276,-0.005891660623487687,-0.12033031515232998,0.05796973417443246
6.368391180927847,6.342592609493096,-16.88617372472207,-0.01974593894769204,-0.005653982025201365,-0.11940867674086082,0.05627337220262674
6.3668978786347115,6.342151027431108,-16.89569091344597,-0.018666278664188518,-0.005415732545718156,-0.11852609220696327,0.053202450123156886
6.365423784557595,6.341726578809606,-16.905138832944832,-0.018426175963961188,-0.005201766721611366,-0.11767731442515446,0.05251937756405811
6.3639888225249,6.341319644258725,-16.914520258153324,-0.017937025408684984,-0.004984976566610842,-0.11686352761413941,0.051127633109204706
6.362599007246878,6.340930004986966,-16.923837965947733,-0.01737269097526644,-0.004771538301996279,-0.11608421515228139,0.04952172746423139
6.3612555636064005,6.340557243636429,-16.933094679764302,-0.01679304550596485,-0.004563479815611117,-0.11533852968915072,0.047871985672452655
6.359971820181608,6.340201167662749,-16.942293080578356,-0.016046792809911985,-0.004359166202992086,-0.11462611851483462,0.045747676578769436
6.358719293969895,6.339860502221119,-16.95143571192804,-0.015656577646402783,-0.004168096548599993,-0.1139443401595307,0.04463671066001995
6.357506326554084,6.339535169063333,-16.960525031949523,-0.015162092697636548,-0.003978838254715462,-0.11329318303977791,0.04322872436869235
6.356335003820089,6.33922482618371,-16.969563461624006,-0.014641534174945117,-0.0037940954758230866,-0.11267194244165679,0.0417463114959164
6.355205264462285,6.338929048372127,-16.97855336008745,-0.014121741972546738,-0.0036147040449579088,-0.11207976964064172,0.04026589769423761
6.3541120970823854,6.338647301931775,-16.98749700858994,-0.01366459224874136,-0.0034415409641072293,-0.1115155996392028,0.03896374898571148
6.353058631970351,6.338379293249025,-16.99639662684775,-0.013168313900436213,-0.003272387009809422,-0.11097887426456868,0.03754999647866991
6.352044178022685,6.33812459493707,-17.005254375559662,-0.012680674345825056,-0.003108549460092768,-0.110468735052079,0.03616070705785668
6.351067764835954,6.3378827779868105,-17.014072347486458,-0.01220516483413082,-0.0029500211014677545,-0.10998433172267472,0.03480584169816353
6.350112584763457,6.337653093519097,-17.022852536179307,-0.011939750906212786,-0.0027992647953657863,-0.10952415652466686,0.03404954405279981
6.349202100885787,6.337435883442574,-17.03159691928348,-0.011381048470879115,-0.002646522649784911,-0.10908896827050352,0.03245739376396817
6.348329806291813,6.337230500066583,-17.04030743719225,-0.010903682424670243,-0.002501296971352516,-0.10867740966256445,0.031096899373042886
6.347492765337637,6.337036463005724,-17.04898594243915,-0.01046301192721229,-0.002361833253087714,-0.10828853773768989,0.029840885045712418
6.346689299667266,6.33685335701345,-17.057634216983494,-0.010043320879642248,-0.0022274352128856673,-0.10792153113340075,0.028644579447468066
6.345891086367291,6.336680234309569,-17.066253925760186,-0.009977666249684589,-0.0021021755069076282,-0.10757447705990651,0.028457427131774127
6.345141679734841,6.3365180736132825,-17.074846761413692,-0.009367582905633045,-0.001968895064418437,-0.10724942674297358,0.026718255687529724
6.3444288509684075,6.336366018975698,-17.08341440569884,-0.008910359580411574,-0.0018451886272249506,-0.10694457965864322,0.025414737449094782
6.343747745783049,6.336223548410202,-17.091958433620004,-0.00851381481698081,-0.001727578363401153,-0.10665891272543317,0.024284140298107104
6.343062055976733,6.33608955649406,-17.100480281385163,-0.008571122578946632,-0.001620302238838167,-0.10639020059315588,0.024447535575434054
6.342427347697539,6.3359654037015884,-17.108981434544578,-0.00793385348992473,-0.0015013844497777915,-0.10614125602695233,0.022630489285064115
6.341827759964134,6.335850106211107,-17.117463385191655,-0.007494846667566276,-0.0013932922318469704,-0.1059100241016704,0.021378660811228523
6.341257224969237,6.335743120119928,-17.125927507004867,-0.0071316874362116825,-0.0012914521830892506,-0.10569543611427394,0.020343061012552455
6.340713094327934,6.3356440603689546,-17.13437510069056,-0.006801633016289458,-0.0011942014209076058,-0.10549672891113651,0.019401826340898487
6.340153514271706,6.335551764753283,-17.142807332986507,-0.006994750702846765,-0.001107451293179215,-0.10531156115181534,0.019952555141979966
6.339645802854639,6.335467983145366,-17.151225447977726,-0.0063463927133463206,-0.0010053165843331572,-0.10514350748523091,0.018103536004987486
6.339170950041416,6.3353916311576315,-17.159630718198294,-0.005935660165275525,-0.0009149627793701838,-0.10499032703743777,0.01693212390673493
6.338721855996227,6.335322156767794,-17.168024288987322,-0.005613675564864904,-0.0008308612811041197,-0.104850929677926,0.01601378891685329
6.338251626326138,6.335258286784849,-17.176407150063948,-0.005877870876110948,-0.000758159839160778,-0.10472275729444712,0.01676730464675502
6.337833490335297,6.335201965742189,-17.184780375391817,-0.005226699885524186,-0.0006682063470492229,-0.1046097579388593,0.014910056719121323
6.337446428915504,6.335152048619828,-17.193145078583353,-0.00483826774741195,-0.0005905988087132022,-0.10450958769760799,0.013802133875608413
6.337082687799434,6.335107981881596,-17.20150224087549,-0.004546763950872915,-0.0005191978708239265,-0.1044211485799404,0.012970656799133506
6.336739140257314,6.335069422592538,-17.20985277294604,-0.004294344276502268,-0.000451808132329326,-0.10434375720258127,0.012250647621308786
6.336367552702095,6.335035136548762,-17.21819744896607,-0.004644844440235658,-0.00039519468203082675,-0.10427493416511023,0.013250420835892562
6.336046804723556,6.335007274194539,-17.226537145619908,-0.004009349731739143,-0.00031929413674112235,-0.10421901706549343,0.01143770571251207
6.3357545791817165,6.334984665626502,-17.234872794954335,-0.0036528192729940977,-0.00025592456782346233,-0.10417363548178557,0.010420687710861187
6.335482726560507,6.334966771420702,-17.243205195350335,-0.0033981577651244948,-0.0001985446738563525,-0.10413771353864407,0.009694241818546445
6.33518018130847,6.334952283150643,-17.251534987959506,-0.0037818156504589853,-0.0001525959183409698,-0.10410862674194052,0.010788657856138362
6.334927422808545,6.334943412860986,-17.259862914360003,-0.0031594812490550335,-8.67423053962346e-05,-0.10409082000431089,0.009013385314581956
6.334701294993857,6.334938977177526,-17.26818977684176,-0.0028265976836026113,-3.3506353615732386e-05,-0.10408191375368687,0.008063776856528981
6.334493395678702,6.334938448506692,-17.2765162435759,-0.0025987414394262175,1.3913983276965031e-05,-0.10408085139624339,0.0074137686710992745
6.3343004682713735,6.3349415313305695,-17.28484291776286,-0.002411592591606679,5.793338686199929e-05,-0.10408704049568675,0.006879882243113589
6.334072924256395,6.334947016275654,-17.293170272576898,-0.0028443001872311886,9.162344776403498e-05,-0.10409805715609424,0.008114276718464764
6.333892594722881,6.334957189904615,-17.30149889342148,-0.0022541191689191206,0.00014602344117877223,-0.10411847855203216,0.006430648945060402
6.333736304223603,6.334970894593279,-17.30982943624131,-0.0019536312409781566,0.0001881321197659951,-0.10414599525508345,0.0055734230670653195
6.333595692814005,6.33498763049513,-17.318162426707403,-0.001757642619969571,0.00022477058909614256,-0.10417960171236781,0.0050143062041643205
6.333467566286809,6.335007130026597,-17.326498329826244,-0.0016015815899478327,0.0002583538962053898,-0.1042187598342782,0.004569092620667292
6.333303127942544,6.335028226330805,-17.334837486745702,-0.0020554793033163003,0.00028206516136631556,-0.10426113321516978,0.005863974138230643
6.33318320787627,6.335053199370604,-17.34318035178502,-0.0014990008284221832,0.00032650227763312954,-0.1043112730465455,0.004276447466934896
6.333084905504555,6.335080927217659,-17.351527453981262,-0.001228779646433615,0.0003590706075812887,-0.1043669556360416,0.003505549840233435
6.3330000011472105,6.33511093912195,-17.359879196920176,-0.001061304466808895,0.0003865214326177626,-0.10442723030982476,0.00302776790453535
6.332879127413671,6.33514203422168,-17.368235842263104,-0.0015109216692429529,0.0004037282623370829,-0.10448969218186868,0.004310455600619351
6.332800696916415,6.335176428709195,-17.376597755632694,-0.00098038121569428,0.00044109675435832405,-0.10455875651505674,0.002796905320241738
6.332742100802683,6.335213030548844,-17.38496537611684,-0.0007324514216508764,0.00046694420393576265,-0.10463226768494995,0.00208959495083888
6.332695251333683,6.335251391400401,-17.393339021301717,-0.0005856183625037761,0.0004879434304732058,-0.10470931783905524,0.001670698942961929
6.332657122934854,6.335291289524798,-17.401718955704265,-0.00047660498536582414,0.0005064483990878073,-0.10478945888807348,0.001359697281358041
6.332582179996017,6.335331666098916,-17.410105333344955,-0.0009367867354581372,0.0005161196960985692,-0.10487057334838615,0.0026725363118790812
6.332546208702521,6.335374686663899,-17.41849841756023,-0.0004496411686947703,0.0005455744361106856,-0.10495696982685977,0.0012827728094715884
6.332527722991683,6.335419327302363,-17.426898548069605,-0.00023107138547327188,0.0005642552338928178,-0.10504663594844121,0.0006592194634621462
6.332519062874396,6.335465176587021,-17.435305951222322,-0.00010825146609645625,0.0005785105402326263,-0.10513873638491492,0.00030882872546691975
6.33247502331432,6.3355111597393075,-17.443720727224413,-0.0005504945009557421,0.0005836984333273079,-0.10523111975152911,0.001570494949115181
6.332467641317679,6.335559336206585,-17.452143074568156,-9.227495800794781e-05,0.0006077041401799754,-0.10532787861803664,0.00026324962561155574
6.332476127831407,6.335608726191324,-17.46057326435633,0.00010608142159213473,0.0006214227877830606,-0.10542709160271806,-0.000302637843612813
6.332493090328849,6.335658943083332,-17.46901145968181,0.00021203121802737708,0.0006310021435376293,-0.10552797234646377,-0.0006049001207926452
6.332515805680821,6.335709808642703,-17.477457778857183,0.00028394189965072773,0.0006386053535766054,-0.10563015928446888,-0.0008100527572095784
6.332503511374291,6.33576039615196,-17.485912244797913,-0.00015367883161723097,0.0006385669116165896,-0.10573180032304981,0.000438427652566159
6.332524311876307,6.335812671047837,-17.494374981327883,0.0002600062751936368,0.0006565510342881155,-0.10583679981122027,-0.0007417672693287303
6.332558889949376,6.335865732719893,-17.50284618491262,0.00043222591336122216,0.0006651001136016039,-0.10594339612018082,-0.0012330892073778021
6.332600395099876,6.335919232291596,-17.51132595318716,0.0005188143812406338,0.0006699316633902716,-0.10605087848118334,-0.0014801154938610672
6.332608957458947,6.335972239514117,-17.51981427516838,0.00010702948839398366,0.0006669887277829867,-0.10615738506947632,-0.00030534256674388804
6.332648280384185,6.336026592226951,-17.52831122917595,0.0004915365654698625,0.0006808963195523084,-0.10626656431783625,-0.0014022952467296346
6.332699966623741,6.336081440616103,-17.536816960972473,0.0006460779944495028,0.0006859178035887924,-0.10637675525759387,-0.0018431826483581437
6.332757505644456,6.336136460734897,-17.545331523454415,0.0007192377589400609,0.0006875022041450333,-0.10648729721223076,-0.0020518980826864097
6.332818529464681,6.336191513037031,-17.55385493277055,0.0007627977528046262,0.0006875628109576727,-0.10659790632315717,-0.0021761690802134526
6.332847750484591,6.336245810652261,-17.562387124958388,0.00036526274887869277,0.0006812018726044303,-0.10670701029269854,-0.0010420514014321813
6.3329043169912,6.336301074619331,-17.570928126000613,0.0007070813326106207,0.000690670683776012,-0.10681802668635418,-0.0020172173678335015
6.332971445540351,6.336356536923199,-17.57947802750496,0.0008391068643904183,0.000692124259364758,-0.10692945608830862,-0.0023938688872548464
6.333043210577131,6.336411909690117,-17.588036837533565,0.000897062959753013,0.0006905373408843987,-0.10704071092273505,-0.002559209814835664
6.3331174696604515,6.336467073253955,-17.59660453184713,0.0009282385415072854,0.0006876547777213681,-0.1071515475152355,-0.002648149489806073
6.333162069212254,6.336521317676564,-17.605181014366817,0.0005574943975355775,0.000679009778413785,-0.10726054723693179,-0.001590464783112297
6.333231006055955,6.3365762204142575,-17.613766272317456,0.0008617105462612903,0.0006848953489081397,-0.10737084307098886,-0.0024583541607206827
6.333308955428499,6.336631086688155,-17.622360353837987,0.0009743671567953087,0.0006835440262625427,-0.10748107866858084,-0.0027797480490242416
6.333390519459141,6.336685660496985,-17.630963231853443,0.0010195503830297114,0.0006795015479125396,-0.10759073127714158,-0.0029086494507215427
6.3334448343692555,6.336739239491273,-17.639574797753337,0.0006789363764318155,0.0006696645993470216,-0.10769839487244318,-0.0019369234230499355
6.333521384914609,6.3367932679677565,-17.648195015249822,0.0009568818169154153,0.0006731270799705422,-0.10780693761654805,-0.0027298648038853596
6.333605865464016,6.336847102415623,-17.65682390313153,0.0010560068675937436,0.0006698977346067142,-0.10791510236923317,-0.0030126546132225734
6.333693245845361,6.336900509183641,-17.665461410817777,0.0010922547668053677,0.0006642224319715172,-0.1080224119221011,-0.003116064646782213
6.3337817272216155,6.336953397993981,-17.674107462084393,0.0011060172031777925,0.0006575877424170833,-0.10812868217776339,-0.0031553268774140303
6.333844662042036,6.3370051903702524,-17.6827619226365,0.0007866852552562441,0.0006463020010191227,-0.10823275687864345,-0.002244316989852238
6.333926913328005,6.337057206029731,-17.691424729193017,0.0010281410746086125,0.0006472035008898326,-0.10833725901698364,-0.0029331574770434937
6.334015743034979,6.337108876842016,-17.70009587038741,0.0011103713371817885,0.000642207755441824,-0.10844107832898563,-0.003167748586844002
6.334106681504298,6.3371599998953805,-17.70877527391019,0.001136730866483948,0.0006350978681453525,-0.10854380043375264,-0.0032429484594061336
6.334174438563851,6.337210008350983,-17.717462801845816,0.0008469632444200586,0.0006233492190994491,-0.10864429022628588,-0.002416282088307617
6.334259645061977,6.337260096207965,-17.72615837731217,0.0010650812265690255,0.0006226227249807797,-0.10874492106011865,-0.0030385424580044174
6.334350548543035,6.337309743207261,-17.734861969746618,0.0011362935132285578,0.0006165045772091906,-0.10884467495075448,-0.0032417007549851856
6.33444303192126,6.337358766252371,-17.74357349302411,0.0011560422278085799,0.0006084870469880646,-0.10894317804988003,-0.0032980409188210214
6.334535637777507,6.3374071000333165,-17.752292841391895,0.0011575732030933209,0.0005997909109362522,-0.10904029706949135,-0.0033024085641602807
6.3346068565086355,6.337454285490358,-17.761019863403494,0.0008902341391037527,0.0005874397785804197,-0.10913511403979774,-0.0025397281171463393
6.334692998910309,6.337501397921135,-17.769754466628317,0.0010767800209116034,0.0005850428136511405,-0.10922976851594245,-0.0030719174344979866
6.334783751928815,6.3375479847004215,-17.77849660157223,0.0011344127313329799,0.0005779638627325511,-0.1093233740472345,-0.003236335161137839
6.334875510201858,6.3375938892885415,-17.78724617065896,0.0011469784130303641,0.0005692694757791152,-0.1094156111621796,-0.0032721831974689836
6.334948082074733,6.337638666022092,-17.796003024879806,0.000907148410931097,0.0005569584436306261,-0.10950558707267885,-0.002587982233487447
6.335033972834574,6.337683276562268,-17.80476706543976,0.0010736344980210439,0.0005535464851229262,-0.1095952156793155,-0.0030629437110846966
6.335123775330282,6.337727311135319,-17.81353823139508,0.001122531196347343,0.0005459027733008157,-0.10968369320008199,-0.0032024388868049994
6.335214206235362,6.337770630204871,-17.82231641847589,0.001130386313492634,0.0005368259795895451,-0.10977073498693454,-0.0032248483832082175
6.335304115131019,6.3378131885170506,-17.83110150784842,0.0011238611957209265,0.000527292884292698,-0.10985624864404178,-0.003206233180054731
6.335376587457998,6.33785463144016,-17.839893345690573,0.0009059040872298272,0.0005149657346983928,-0.10993952464743903,-0.0025844323476656023
6.363418399304687,6.338475638721867,-17.848748426990934,0.3505226480836236,0.005047126960939269,-0.11129299215413738,-0.7853981852531433
6.391460211151377,6.338659767407135,-17.857674598761594,0.3505226480836236,-0.0004587160266722873,-0.11169936104395056,-0.7853981852531433
6.419502022998066,6.3383999141021485,-17.866594163854316,0.3505226480836236,-0.006051920655824883,-0.11112484874181632,-0.7853981852531433
6.447543834844756,6.337689216688955,-17.875428000636028,0.3505226480836236,-0.011729236801307384,-0.1095539849584086,-0.7853981852531433
6.475585646691445,6.336521092627208,-17.884095951091282,0.3505226480836236,-0.01748691992215462,-0.10697642220224028,-0.7853981852531433
6.503627458538134,6.3348892797620335,-17.892517252948892,0.3505226480836236,-0.023320699702601144,-0.10338749665863775,-0.7853981852531433
6.531669270384824,6.332787879634739,-17.900611017412277,0.3505226480836236,-0.02922574889688793,-0.09878880660732359,-0.7853981852531433
6.559711082231513,6.330211403265705,-17.908296753690227,0.3505226480836236,-0.03519665274569708,-0.09318880302391817,-0.7853981852531433
6.587752894078203,6.327154819347278,-17.915494941047953,0.3505226480836236,-0.04122737938390753,-0.08660338578025448,-0.7853981852531433
6.615794705924892,6.323613604748802,-17.922127648519027,0.3505226480836236,-0.04731125171280203,-0.0790564975322142,-0.7853981852531433
6.6438365177715815,6.319583797195902,-17.92811920173012,0.3505226480836236,-0.053440921263802135,-0.07058070598017306,-0.7853981852531433
6.671878329618271,6.315062049941838,-17.933396895487416,0.3505226480836236,-0.05960834463403183,-0.06121776373165569,-0.7853981852531433
6.69992014146496,6.31004568820027,-17.937891749852874,0.3505226480836236,-0.06580476312498638,-0.05101913352274774,-0.7853981852531433
6.72796195331165,6.304532767056324,-17.941539306400898,0.3505226480836236,-0.07202068626255802,-0.040046465107173274,-0.7853981852531433
6.756003765158339,6.298522130516972,-17.944280460195117,0.3505226480836236,-0.07824587991758411,-0.028372008752745283,-0.7853981852531433
6.7840455770050285,6.292013471302753,-17.946062321769926,0.3505226480836236,-0.08446935977867198,-0.016078949056260138,-0.7853981852531433
6.812087388851718,6.285007390921861,-17.946839102055925,0.3505226480836236,-0.09067939095079622,-0.003261641771601116,-0.7853981852531433
6.840129200698407,6.277505459505236,-17.94657301177282,0.3505226480836236,-0.09686349446140947,0.009974264378763718,-0.7853981852531433
6.868171012545097,6.269510274819015,-17.945235165354248,0.3505226480836236,-0.10300846144778329,0.0235118392856879,-0.7853981852531433
6.896212824391786,6.261025519809724,-17.942806478000207,0.3505226480836236,-0.10910037577225098,0.03722303468575451,-0.7853981852531433
6.924254636238476,6.252056017979656,-17.939278543015288,0.3505226480836236,-0.11512464576332165,0.05096901662602784,-0.7853981852531433
6.952296448085165,6.242607785836785,-17.934654475232325,0.3505226480836236,-0.12106604570788933,0.06460068342819719,-0.7853981852531433
6.9796089823280285,6.232676986241761,-17.928953602677794,0.3414066780358006,-0.12699023105904467,0.07793269984119659,-0.7722242129234189
6.988306660083423,6.222016202081307,-17.922328855309015,0.10872097194243473,-0.13466836257714773,0.08995338467561458,-0.30075909800700185
6.983960994682203,6.210937474668159,-17.91468340755292,-0.054320817515255394,-0.1389581081735775,0.10316639745077731,0.15374790297718333
6.975552684974772,6.199722495303119,-17.90586784018404,-0.10510387134288317,-0.14038260527406662,0.1179545050431716,0.29131827189138493
6.9780070544100194,6.188636347498987,-17.89568090781609,0.030679617940587343,-0.13952837378181301,0.13437603585700097,-0.08730287165351847
6.971015228789091,6.177260788845796,-17.88450719480585,-0.08739782026160087,-0.1424949957158395,0.14724429182292045,0.2443533699671736
6.960897280792341,6.16579149342416,-17.872173662417786,-0.12647434995938064,-0.14345806360355465,0.16194029804814009,0.3462782017971695
6.949897851440112,6.154294596465998,-17.85861336143429,-0.13749286690285786,-0.1437449482026035,0.17732897776767054,0.37380842612066534
6.938617636770289,6.142788187423521,-17.84380728108494,-0.1410026833727917,-0.1438454393450532,0.19291161093877962,0.38245667661891636
6.927187155702101,6.131277125595756,-17.827751432893464,-0.1428810133523465,-0.14389373048408685,0.20853433871590726,0.3870604103751303
6.915635099881165,6.11976341390708,-17.810445301413996,-0.14440069776170622,-0.14391879970516078,0.2241619537675111,0.39077252098137816
6.903970056453294,6.108248470633752,-17.791889021685726,-0.14581304284839283,-0.1439266280971,0.23978805547587972,0.39421228872561986
6.904268292064616,6.096908570387258,-17.771768602089104,0.0037279451415333457,-0.14254812148770107,0.25778074681662927,-0.010634989247054527
6.8952908008738705,6.085308198675199,-17.750912994258204,-0.11221863988431932,-0.14518060207680314,0.2680925536788426,0.30983593667497367
6.883336566638376,6.073636852255859,-17.728964878780094,-0.14942792794367984,-0.14587297572570768,0.2821416104318507,0.40297154074583563
6.8706753381257375,6.061958356121002,-17.70579337963095,-0.15826535640798203,-0.14591573828618135,0.29752906746318253,0.42411100846666105
6.857826642661928,6.050287672411897,-17.681366902976354,-0.16060869329761576,-0.1458050072214734,0.3132382937056363,0.4296502383289935
6.84488252613606,6.0386282275715875,-17.655678979207845,-0.16180145657336018,-0.14565730866861468,0.3290151203189429,0.4324589816617257
6.831860865344187,6.0269814373292325,-17.628727708129773,-0.16277075989841297,-0.14549298404190925,0.34481340453218423,0.43473616728109477
6.818767823217749,6.0153483764947095,-17.600511952438165,-0.16366302658048149,-0.14531553863226476,0.3606253504773263,0.4368281227153066
6.80560775353182,6.003730043376555,-17.571030717433967,-0.16450087107412203,-0.1451258130560965,0.3764493667855716,0.43878877011504436
6.792384723913017,5.99212740038043,-17.540283065532424,-0.16528787023504551,-0.1449242392080934,0.3922846801319721,0.440627153708685
6.779102744252787,5.980541380037729,-17.508268117383935,-0.1660247457528761,-0.1447111886254176,0.4081304643370923,0.44234556721725937
6.76576579819942,5.968972885774056,-17.47498506662919,-0.16671182566708903,-0.14448702547834832,0.4239857040999505,0.4439453400487867
6.764190350501792,5.957594177751698,-17.439886219718264,-0.019693096220354804,-0.14290493647404318,0.4440100740559235,0.05612309371689772
6.753378076604693,5.945975613667184,-17.404399871835004,-0.13515342371374012,-0.14528606597742322,0.4508675584098701,0.3680111420467167
6.739768637009511,5.934308020502016,-17.367889079434168,-0.17011799493977667,-0.14571538119436162,0.4643233092666893,0.45184020128872593
6.725642971774363,5.922653764105923,-17.33013511011751,-0.17657081543935232,-0.14551309594439388,0.4799861127805577,0.46663180104796087
6.711427620206332,5.911024740745876,-17.291096243599807,-0.17769189460039025,-0.1451895542744842,0.49606697105228015,0.4691795149918967
6.697181720709174,5.899423116024392,-17.250766251753173,-0.17807374371448367,-0.1448426947674624,0.5122104508383413,0.4700457898339012
6.6829160176635,5.8878497498234985,-17.209143902455015,-0.1783212880709283,-0.14448571828595,0.5283660313396447,0.47060696971118166
6.668635365791374,5.876305315033616,-17.16622880325798,-0.17850814840156934,-0.14412058534745728,0.5445246229122921,0.47103036758147
6.654343863634677,5.864790432869294,-17.122020897666065,-0.17864377695872094,-0.14374789726253492,0.5606821263716982,0.47133756752290434
6.640045460034342,5.853305688892788,-17.076520415678353,-0.17873004500418613,-0.14336809445994933,0.5768349063958519,0.47153291541251097
6.625744022318205,5.841851634845154,-17.029727878992745,-0.17876797145171283,-0.14298159896714832,0.5929792494301322,0.4716187848588369
6.622951104379677,5.830598150881228,-16.980917684988306,-0.03491147423160017,-0.1412547044081641,0.6146430848609015,0.09927095451688395
6.611049674041928,5.8191180737319055,-16.931988031030418,-0.1487678792218709,-0.1434723361050217,0.6188669497194195,0.40137699984570396
6.596538809658588,5.807604302207511,-16.88207408889349,-0.18138580479175412,-0.1437190415254371,0.6319921443002675,0.4775276443565639
6.5816500356756,5.796117608346081,-16.830895285203642,-0.18610967478735752,-0.14335248758728408,0.647921257436648,0.4880992302035345
6.566742042035762,5.784667799177337,-16.778408318417313,-0.18634992049797644,-0.1428867696251986,0.6642739562157922,0.4886337450293645
6.5518568940712605,5.77325624828619,-16.72461019914175,-0.186064349556273,-0.14240661667171725,0.6806487257046896,0.48799835353972565
6.537002167021855,5.761883379472356,-16.66950276215514,-0.18568408811757395,-0.14192164677749805,0.6969966059904165,0.4871516111891401
6.522181839020227,5.7505494861694695,-16.61308872118542,-0.18525410002035206,-0.141433258692945,0.7133077667044379,0.486193224712264
6.518677402583968,5.73942292301843,-16.55453598820662,-0.04380545545324361,-0.13961629157500838,0.7359360113863355,0.1243272540873992
6.50618449878541,5.728077962370409,-16.496031735678855,-0.1561612974819822,-0.14173298230632708,0.738505279256514,0.4191136584284765
6.488038516066971,5.716661405951069,-16.436811555317405,-0.22682478398048958,-0.142246114141844,0.7495851548694198,0.5743370279641775
6.464383900677237,5.705235869048422,-16.37652273175574,-0.29568269237168876,-0.14198101355161638,0.7651200265965902,0.7007364222709871
6.436668335430697,5.693883198849389,-16.31470347118475,-0.3464445655817523,-0.14077750573270026,0.785909389407151,0.7795470474721489
6.415737030245723,5.6828186642120135,-16.25025265046179,-0.261641314812168,-0.1376083591297982,0.8161222279400848,0.641213663423021
6.388839328308835,5.6717730909320485,-16.184585482702285,-0.3362212742111035,-0.13694378411530111,0.8337367931243488,0.7645762725058871
6.381028406184333,5.661210804978509,-16.115367470598493,-0.09763652655627979,-0.1322308196194421,0.8705873344360673,0.27165949063627437
6.3613480304664725,5.650429631663498,-16.046241759678388,-0.2460046964732647,-0.1341199124107273,0.874083035132194,0.6119481009872603
6.335286369295163,5.639650448379772,-15.97601882543558,-0.32577076464137344,-0.1336303177181413,0.8904153352239925,0.7488151654761479
6.315664955535586,5.629154415330278,-15.903268914479009,-0.24526767199472713,-0.13052441280290278,0.9193526414223568,0.6105379525564629
6.304577822673858,5.618905309200347,-15.82824267501273,-0.13858916077159666,-0.12805073909019585,0.9443591390548967,0.37651609088137405
6.285282281271819,5.608533497368483,-15.7528361924788,-0.2411942675254919,-0.12898052459415466,0.9524142249326336,0.6026939492436716
6.2608691709350115,5.598185233930959,-15.676266904161523,-0.3051638792100925,-0.12829858292645288,0.9690659709442188,0.7163306764295294
6.253961008366613,5.58829567906952,-15.596381638362384,-0.08635203210498903,-0.12384927939130506,1.0033413070262942,0.24154252158501865
6.232552297816645,5.578131023454828,-15.516922230166504,-0.26760888187459897,-0.1262046559528804,1.0039217968026817,0.6520579482196345
6.213780433010362,5.5681478294903135,-15.435542499584308,-0.23464831007855286,-0.1241149300385708,1.026792630156837,0.589909170787597
6.203853317056884,5.558420888336101,-15.351916197819685,-0.12408894941846424,-0.12157116186691137,1.0512001830786262,0.3402438081600092
6.18652316827468,5.548573009891319,-15.267963481768938,-0.21662685977756058,-0.12251888990200667,1.058310909293692,0.5535577394197126
6.1798998472601046,5.53899772169996,-15.181702357015682,-0.08279151268219342,-0.1199232349309934,1.082699171329784,0.23194362083706288
6.159729837501637,5.529158559760952,-15.095870270553124,-0.2521251219808427,-0.12218830130544278,1.0829802693424952,0.6235509482327126
6.141864199244445,5.5194874917386985,-15.008236932217727,-0.223320478214906,-0.12024636275441968,1.1044705446266114,0.5672582316388883
6.132661956924919,5.510066684738124,-14.918435333213164,-0.11502802899408433,-0.11777744199282954,1.1278906207409427,0.31708868188277073
6.11649316960875,5.50052506386861,-14.828364062186793,-0.20210984145210814,-0.11874713333605177,1.134164674431041,0.5230326419884559
6.107572667117036,5.491191000366433,-14.736360013268394,-0.11150628114644169,-0.11670879629562436,1.1552142871058075,0.3079915058500129
6.091747408722402,5.481734169016839,-14.644120465558283,-0.19781572993291555,-0.11770517240055903,1.1610614084826423,0.5137899548351452
6.0830541875964785,5.472480507693147,-14.549984830220659,-0.1086652640740535,-0.11571569474613229,1.1816718270795927,0.3006141112010967
6.067547112769963,5.463103261936855,-14.455641906898453,-0.19383843533143938,-0.11672703770467854,1.1871530705390676,0.5051422688020306
6.062075413507677,5.453976534100502,-14.359177159074894,-0.06839624077857637,-0.1143790489975919,1.2093226663728545,0.19270509467643215
6.043929828497835,5.4445856869038645,-14.263260221809597,-0.22681981262303194,-0.11668802724008472,1.2079409602431037,0.5743270312423769
6.038517339038764,5.435526251751131,-14.164803232748799,-0.06765611823838835,-0.11353832366991842,1.2340933192483736,0.19067025171653373
6.020650398302179,5.4262056569296,-14.066906333369944,-0.223336759207315,-0.11582374791531379,1.2325098808347932,0.5672912685564953
6.015421165442509,5.417213275330918,-13.966496367249986,-0.06536541074586158,-0.11271066456736023,1.2583195161473943,0.18436226453269278
5.99787048258449,5.4079596789663436,-13.866674652908472,-0.2193835357252433,-0.11500371582266797,1.256368291109508,0.5592286367593369
5.992821674819339,5.399029750403617,-13.764374054418223,-0.06311009706439337,-0.11194063483281291,1.2817657891726364,0.1781372078790957
5.9755734889733265,5.389838412603317,-13.662690612959128,-0.2156023230751596,-0.11424255081605884,1.2794404158707617,0.5514399128212917
5.970700885891678,5.38096635834431,-13.558561563450292,-0.060907538520604036,-0.1112278430199602,1.3044347893268196,0.17204426293497876
5.953740920281069,5.37183258971728,-13.45507920560354,-0.211999570132616,-0.1135395437715372,1.3017302982543766,0.5439486927836574
5.949039683237666,5.363013897390936,-13.349183470701144,-0.05876546304253479,-0.11057139939266791,1.3263319908191313,0.16610622783079343
5.946385670531466,5.354176309905616,-13.242681560530839,-0.033175158827503104,-0.11097643581900224,1.3329131892434587,0.09436374772492417
5.930210746724864,5.3450240762839085,-13.137180512268566,-0.20218654758253782,-0.1138359670572644,1.3265133461838758,0.5231968588868989
5.925481254572757,5.336161708978205,-13.029383783037018,-0.05911865190133116,-0.1111178349334463,1.3498939413549635,0.16708612650044197
5.908654225017763,5.327035637246061,-12.922334529387696,-0.21033786943742963,-0.11345320826401237,1.3461048856677131,0.5404704322930343
5.9040427212931545,5.318222320711786,-12.812872336783254,-0.05764379655760612,-0.11051121316625251,1.3705458778965738,0.16299211256620216
5.887460564404192,5.309145996245212,-12.704181097947941,-0.20727696111203606,-0.1128455222969735,1.3664406471850004,0.5340251902903135
5.8830094272778615,5.300379098014577,-12.593106313699883,-0.05563921407913056,-0.10994117134927366,1.3905163272189587,0.15741881651955758
5.877777415337333,5.291541696887254,-12.481778252977858,-0.06540014925661701,-0.11076299095173621,1.3939532380102722,0.18445803719017517
5.864610350586029,5.282519377097147,-12.370842872767675,-0.16458830939129385,-0.11244219671461853,1.392735217813288,0.43899317785160763
5.857457295484944,5.273655782796291,-12.25836471489225,-0.08941318876356176,-0.11093496232112571,1.4091066252803144,0.2497591087059705
5.843806919579625,5.264656848369681,-12.146019111477637,-0.170629698816496,-0.11210819805659863,1.4105094621466894,0.4530210545840019
5.836733612802098,5.255833376416153,-12.032049112001548,-0.08841633471908845,-0.11043697395191927,1.4276088880040476,0.24708713111087643
5.823270088362306,5.246875654797575,-11.918228887386705,-0.1682940554974034,-0.11160409474455084,1.42876277643583,0.447620100446231
5.8163611373619615,5.238091413496209,-11.802810813120272,-0.086361887504303,-0.10995716261676926,1.445522657621889,0.24156902898125976
5.81362006449973,5.229354770877344,-11.686535778207872,-0.03426341077789183,-0.10970178145857104,1.4541717118186384,0.09743993380994587
5.798004497455003,5.220315551344117,-11.571435018983275,-0.19519458805909723,-0.11245609625745501,1.4457098596895954,0.5081002895614106
5.793832437488601,5.211561772810354,-11.454089507994878,-0.05215074958002395,-0.10979928687334732,1.4681017589985648,0.14769655264487325
5.781346488750553,5.202603138047501,-11.337381126385983,-0.1560743592256013,-0.1116953635350518,1.4641437613381727,0.41890668984102764
5.774597031220119,5.193790658924238,-11.219252975556408,-0.08436821913042669,-0.110325316779217,1.4790010548973254,0.23619978797957364
5.771908801966347,5.185021366093451,-11.100330419328206,-0.03360286567214809,-0.11011611342502495,1.4868627045717684,0.09557297312963309
5.756279651119237,5.175947744045361,-10.982690816537204,-0.19536438558888933,-0.11288880816907353,1.477241098179098,0.5084699653628193
5.752113995375882,5.167159136055924,-10.862804890816095,-0.052070696791941734,-0.11023737081182461,1.4994928209020084,0.14747310985528284
5.736038182142087,5.15810290655989,-10.744006407330778,-0.20094766542244077,-0.11263319333231876,1.4918685133911385,0.5205407830196913
5.731962718446379,5.149347545426168,-10.622878419472734,-0.050943296196351136,-0.10982711309984869,1.5148539654252438,0.14432475120081367
5.727180060307648,5.140518123994274,-10.501709385736138,-0.05978322673413393,-0.1106995339812846,1.5156175841105524,0.1689290653688067
5.714420845913203,5.1314973255129415,-10.381222616473005,-0.1594901799305644,-0.11245619576534831,1.511098180070366,0.4270097545212992
5.707645902471682,5.122629333964609,-10.259309732904473,-0.08468679301901948,-0.11102119326097251,1.5257905708684596,0.23705869480247843
5.6943413107779195,5.113620541424672,-10.137788428135774,-0.16630739617202586,-0.1122605690500675,1.5242127250099635,0.4430039746903298
5.687607686757636,5.104782266443864,-10.014747540211365,-0.08417030025353725,-0.1106509511880278,1.539753515356414,0.23566600005416882
5.685047484668122,5.095988510106494,-9.890986204872172,-0.03200252611893487,-0.11043379322730676,1.546542913207124,0.09104703619662047
5.669538890538919,5.086888736067826,-9.768698991217214,-0.1938574266150334,-0.11322835410739301,1.5348031441085512,0.5051837593557473
5.665497647379522,5.078071684360168,-9.64419738467946,-0.05051553949247283,-0.11060489343557156,1.5564129629975896,0.14312944768369107
5.649526251613545,5.068985100203589,-9.520964627699728,-0.19964244707471548,-0.11302449574141375,1.5467720285079491,0.5177337104119388
5.645561349410772,5.060197206823935,-9.395431813624821,-0.04956127753466517,-0.1102448752360778,1.5691416992610234,0.140461422442828
5.640908372259263,5.051333826468805,-9.269983041567212,-0.058162214393866186,-0.11113682131146753,1.5683386730384214,0.16443181126231465
5.628224842911325,5.042276362124244,-9.145382327671866,-0.15854411684923045,-0.11292423572269632,1.5619278247783908,0.4247714102219473
5.621550196478751,5.033370353147254,-9.019422036754582,-0.08343308040718295,-0.1115073649145306,1.5756564485266709,0.2336765130281253
5.608297165314944,5.0243211848475084,-8.894003258592605,-0.16566288954758177,-0.11277348849952488,1.5723523085131115,0.44150205760162975
5.601648813979183,5.015441545601128,-8.767126266676335,-0.08310439169701864,-0.11117798881055123,1.586982003692885,0.23278889361259858
5.599178259164209,5.006604730310921,-8.639626752966102,-0.030881935187169862,-0.11098175884712658,1.5924637499375167,0.08787564221227528
5.583706572815598,4.997459968131374,-8.513790168055198,-0.19339607935764871,-0.11379860364509249,1.5786241254284061,0.5041753081430025
5.579728412345096,4.988596629672595,-8.385777604094688,-0.049727005881273545,-0.11119148372529032,1.5995316335590837,0.14092492861445272
5.563771853243147,4.979462158738375,-8.259209982172289,-0.19945698877436577,-0.11362961197762893,1.5879228351071286,0.5173341231830695
5.556931032204166,4.970574799800052,-8.130704513577182,-0.08551026298726341,-0.11125931122274946,1.6071049606358194,0.2392771981128321
5.554494740762733,4.9617366126098945,-8.001582011039506,-0.030453643017914978,-0.11100178746154658,1.6123689941772021,0.08666305711007727
5.539107217110475,4.95259091539095,-7.874197386303403,-0.19234404565323113,-0.11381719783217502,1.597645808919096,0.5018714837402793
5.535216830880154,4.943725543310551,-7.744672395027827,-0.04862982787900919,-0.11122420498764275,1.6180350264644325,0.13785523512412312
5.519358167139965,4.934588107000695,-7.616672754125535,-0.1982332967523583,-0.11367492856092458,1.6054851099044647,0.514693007501426
5.515526616831269,4.925746738488691,-7.486447361274889,-0.04789437885870352,-0.11092751993241935,1.6266351049581347,0.13579612161151355
5.511028607258579,4.916828015702728,-7.35649381969202,-0.05622511965863093,-0.1118447557325804,1.6234793557563485,0.15904883273180848
5.498421176288867,4.90771170415007,-7.227626026936788,-0.15759288712140954,-0.11367168159248248,1.6143133050737692,0.4225162631264794
5.4918629681299915,4.898745299424209,-7.097516681217662,-0.08197760198593979,-0.11227612361878497,1.6264103811323742,0.22974318364137325
5.478654514683368,4.88963266124647,-6.9681670799822175,-0.16510566808280677,-0.11357677966057897,1.620554159662923,0.440201823130439
5.472102777505722,4.880688466778937,-6.837471353371557,-0.08189671472057997,-0.11199744401780616,1.6336142384672632,0.22952437783257706
5.469733683405896,4.871784913003578,-6.706309516796194,-0.029613676247819225,-0.11182789774183663,1.637048747762476,0.08428419593583936
5.454283758858896,4.86257096306583,-6.577071143418464,-0.19312405683750747,-0.11467273183575888,1.620248332958455,0.5035801721805091
5.450374252361221,4.853637019867948,-6.445744142187976,-0.04886883122093446,-0.11208391080192405,1.6398141601608351,0.13852414542580038
5.445736181150009,4.844624841315629,-6.314792849621002,-0.05797589014015214,-0.11300738162103031,1.6353994421774007,0.16391444885010564
5.432883900132253,4.835414809197673,-6.185049441305144,-0.1606535127219553,-0.11483248650518951,1.6248617279097408,0.42975591118919376
5.426172693217661,4.826357526384726,-6.054101957953709,-0.08389008643238938,-0.11340611404991179,1.636367162071,0.23491002835165964
5.412719203865342,4.8171538932749005,-5.924024602417347,-0.16816861690399185,-0.11470347379744132,1.6292565879655947,0.4473292380003422
5.40601804997567,4.8081215927208465,-5.792637499844015,-0.0837644236209014,-0.11309288202511897,1.6417355523057988,0.23457092143174796
5.4006140837125365,4.799081163470679,-5.661198962295686,-0.06754957828917897,-0.11330020472891503,1.6415580815322215,0.1903772059115556
5.387536623223564,4.7898618145147225,-5.530898148714628,-0.1634682561121617,-0.11493173640649723,1.6316272248163561,0.4363718232215732
5.380852302104598,4.780802314216196,-5.399392445897371,-0.08355401398707968,-0.11343616657949213,1.6429833948414214,0.23400299824156012
5.367449118773375,4.77159651316709,-5.26881586648386,-0.16753979164029498,-0.11473483919974559,1.6351349754509417,0.4458699173531222
5.3608101348775286,4.762561534649977,-5.13698245955728,-0.0829872986980852,-0.11313158769037965,1.6469332728883055,0.23247259520506613
5.3583536295797405,4.753566969627229,-5.004815738667762,-0.03070631622235557,-0.11296325976727245,1.6486564092049276,0.08737845916347764
5.342696713874619,4.744261359721091,-4.8747741743827255,-0.195711446314025,-0.11581182804519108,1.62954902175937,0.5092250971773145
5.33870616157638,4.735238112897344,-4.742718617515673,-0.04988190372798731,-0.11319892764491363,1.6479857449098894,0.1413580891313747
5.322535703626284,4.725940616379273,-4.612546396149895,-0.2021307243762118,-0.11566835092784326,1.6313507612185714,0.5230773524354941
5.318595314845306,4.716942253018741,-4.480270731246223,-0.04925485976222627,-0.1128904834309787,1.6505931214149696,0.13960427863326563
5.313959910501852,4.70786605994075,-4.348541185013234,-0.05794255429316549,-0.11381172667344244,1.6440324524355558,0.16382187659828207
5.301045411284834,4.698590718726628,-4.218219118654989,-0.1614312402127277,-0.11565017311217024,1.63109775503946,0.43158796531469734
5.294333277094774,4.689468608011213,-4.086833938836138,-0.083901677375758,-0.11422094805554214,1.6407618767112693,0.23494130427822435
5.277140281367815,4.680135573565651,-3.9569431480566646,-0.21491244658698141,-0.11603468958597993,1.6280865445594963,0.5500107481142168
5.273191002132862,4.671131707560394,-3.8247902086898353,-0.04936599043692651,-0.1129588702315531,1.6487202496746085,0.13991516889886413
5.268592981604214,4.6620508692447755,-3.6932320793048166,-0.05747525660809972,-0.11387309877354204,1.6415244334249008,0.16252391292409607
5.255715717819534,4.652770398186623,-3.5631396852118895,-0.16096579730850485,-0.11571777686541379,1.6278537896490068,0.4304919150664277
5.249047160155833,4.643642666937424,-3.4320435548126618,-0.0833569707962647,-0.11429511365460711,1.6367787951065582,0.2334710133659087
5.235557708726631,4.63436633728557,-3.3020692869096675,-0.16861814286502277,-0.11561652183916914,1.6265983720690809,0.4483712064272941
5.22888753292914,4.62526134600279,-3.1709870088874608,-0.08337719746864354,-0.1140091445737034,1.6364886124308096,0.23352562832842683
5.226397575242669,4.616196081050349,-3.03973754956371,-0.031124471080893522,-0.11384799617100518,1.6361283838408713,0.08856219762458983
5.210618631034692,4.60681894186872,-2.910801517116506,-0.19723680259971507,-0.1167039985825062,1.614730572109023,0.5125364109136455
5.203659361993657,4.59767516248745,-2.780344911181645,-0.0869908630129433,-0.1144733993471427,1.6286036964326287,0.24326002409409442
5.1900935168891555,4.588390063898781,-2.6510108885312644,-0.1695730638062809,-0.11572088107364924,1.6182802334897017,0.4505811799625844
5.1834449073776945,4.579278791485183,-2.5206106773373165,-0.08310761889326955,-0.1140898396420395,1.6276100958885837,0.23279761043109137
5.18098893803144,4.570207078936583,-2.3901002002147322,-0.030699616828178313,-0.11393167301556921,1.6265437632975859,0.08735949209969074
5.165238141843229,4.560822996646702,-2.2619525723952933,-0.19688495235264775,-0.11679379203691423,1.6044888631824623,0.5117736888723609
5.161239499929533,4.55172176424351,-2.132004066457825,-0.049983023921203455,-0.11417766312786262,1.6202496129971256,0.14164083557054463
5.144963041876285,4.5423448490145075,-2.004170231507193,-0.2034557256655833,-0.1166614654748642,1.6007279679171198,0.5259094733561734
5.14100755815427,4.533267711810692,-1.8744514472820442,-0.04944354652519268,-0.1138785578160401,1.6172494382708273,0.1401321174687966
5.136349291618193,4.524112120335406,-1.7455004230677023,-0.05822833170096672,-0.11480719291640967,1.607918620668368,0.16461537638291113
5.11971026580091,4.5146942338152325,-1.6186042506725524,-0.20798782271604477,-0.11714930338947986,1.588984227809846,0.5355264379837513
5.115680432302237,4.505584665690716,-1.4897958461147875,-0.050372918733406595,-0.11427982662766778,1.6056928877388401,0.14273082311054586
5.0994014914080985,4.496200312285922,-1.3631367628419209,-0.20348676117673414,-0.11675507502360223,1.5856634804841099,0.5259756988985004
5.095467208548515,4.4871159549161925,-1.234662020600682,-0.049178535744794354,-0.1139709433588147,1.601368738887621,0.13939074494269216
5.090835130207875,4.477952891687999,-1.1070065592653722,-0.057900979257996775,-0.11490314831019223,1.5913881433268489,0.16370642049570516
5.077822629862591,4.4685887345064,-0.981029193532026,-0.1626562543160501,-0.11676111938991157,1.5750250484254418,0.43446740932731376
5.071092723262407,4.459378563928943,-0.8542751213422827,-0.08412383250230086,-0.11532639170693083,1.5811497541643973,0.23554065651183315
5.057454833712306,4.450018687183369,-0.7288536444901998,-0.17047361937625732,-0.1166572917160488,1.5682924055740937,0.452661015491603
5.050718478257805,4.440831636428839,-0.6025551433965416,-0.08420444318127264,-0.11503527412495108,1.5753497207083875,0.23575809342994108
5.045278151399401,4.431634968674105,-0.4766518288589201,-0.0680040857300454,-0.11526029428867988,1.5696059460625007,0.1916271302101341
5.031986957875256,4.422256318164191,-0.3523340354778105,-0.1661399190518145,-0.1169214702259799,1.5540679898434495,0.44261390216188806
5.025236575096069,4.41303938575426,-0.2272524460340907,-0.08437978473984434,-0.1154097380599073,1.5599319455427259,0.2362309762316887
5.011598126437094,4.40367331418217,-0.10354127871127045,-0.17048060823719685,-0.11673529883437672,1.5465407436490726,0.4526771398715848
5.004878746419563,4.394480235385024,0.020979353310572157,-0.08399225021913387,-0.11511240744697149,1.5527972149250195,0.23518568150852964
5.002339584584167,4.385326200335503,0.14538218966657157,-0.0317395229424524,-0.11495821580189085,1.5489744882240666,0.09030287119839225
4.986397364058679,4.375859330595533,0.26726772628222606,-0.19927775656859648,-0.11782246281932392,1.524767010068058,0.5169477779128637
4.979386153561647,4.366627542527161,0.39035163995251926,-0.08764013121291388,-0.11557553815369898,1.5347828913311992,0.24500408837145699
4.965666551120867,4.357252899159382,0.5120687089133471,-0.17149503050975673,-0.11683682705840467,1.521284803233763,0.4550148848577898
4.958951205560252,4.348053571681802,0.6345403274227566,-0.08394181950768521,-0.11519127278230643,1.5268700054880662,0.23504961646455524
4.956425674448769,4.338893303924944,0.7568376210768438,-0.03156913889353817,-0.11503753811913532,1.5223742920422976,0.08982071755621684
4.9404902194495905,4.329419944496978,0.8765962895839203,-0.199193187489739,-0.1179048328234799,1.4977803411512816,0.5167654254687021
4.936425417178924,4.320231340940909,0.9978028937829113,-0.050810028383326454,-0.11526951762722483,1.5094447035856517,0.14395239817012417
4.919961272595387,4.31076599714762,1.1167143165812616,-0.2058018072942195,-0.11776177592474937,1.4873265946799141,0.5309013361777426
4.913005111715321,4.301552473161828,1.2368183981076255,-0.08695201100082732,-0.115350374017749,1.4970951809410047,0.243155611813967
4.9104260350363,4.2923841134689384,1.3567317847645375,-0.03223845848775774,-0.11513479207530394,1.492342120366203,0.09171451859277263
4.894468216539383,4.282903890541969,1.4741006539409096,-0.1994727312114686,-0.11798960505706009,1.4675205193146712,0.517368048794944
4.89041163252932,4.273709040493269,1.5928339990410847,-0.050707300125788286,-0.11534861665936141,1.4782538483858554,0.14366534584830606
4.8739492826406146,4.26423725467807,1.709254277875711,-0.20577937360882534,-0.11784316630228352,1.455780476389689,0.5308537407883206
4.869934060259674,4.255067060980683,1.8271016854007605,-0.05019027976175153,-0.11504232460183034,1.4670799409679771,0.1422202810766126
4.865198740808847,4.245818092846976,1.9439020595245782,-0.059191493135343956,-0.11597381745186021,1.4542448329726836,0.1672881793738559
4.84835692597539,4.236305797287375,2.0584609584224003,-0.21052268541821886,-0.1183240235009092,1.4324624251494926,0.5408580083549612
4.844259321403281,4.227103961735341,2.1744562308209043,-0.05122005715135951,-0.11543304134362865,1.4437903451600262,0.14509789819563806
4.827779014020286,4.217626108661885,2.288133023724155,-0.2060038422874483,-0.11791826232947958,1.4210887293565548,0.5313298545182302
4.82377050916391,4.208450324448363,2.403145591004503,-0.05010631070470599,-0.11511306647838677,1.4313890332815236,0.1419855321019529
4.807425053744573,4.198998136745802,2.5158420341708165,-0.2043181927417167,-0.11760528160233032,1.4086089945354685,0.5277479649872283
4.803492143644412,4.189845980673704,2.629815785462706,-0.04916137625200745,-0.1148224449023181,1.41829430326302,0.1393427356206297
4.798856818665131,4.180614443222454,2.7426889280341493,-0.05794156224101894,-0.11576290905079517,1.4047701792179714,0.16381912166757326
4.782144197564549,4.171118807513339,2.8533094044862946,-0.20890776375727754,-0.1181241223873726,1.3825941841632854,0.5374652712567279
4.778122295634793,4.161931512117127,2.965209089805385,-0.05027377412195517,-0.11525653773699837,1.3922411566275015,0.1424536873135043
4.7617549241237205,4.152467861917783,3.074786950981413,-0.2045921438884037,-0.11774810208437635,1.3692307791894651,0.5283311144549777
4.757818279454468,4.1433045034062195,3.1855473269124635,-0.04920805836565443,-0.11496281481365525,1.377892056952764,0.1394733426660963
4.753178025857663,4.134061696607629,3.2951714807645627,-0.05800316996006314,-0.11590404927910324,1.36391688724093,0.16399020165924666
4.7400667754610275,4.124616228086507,3.402903437502024,-0.16389062995794454,-0.11777750350203375,1.3442880373248336,0.4373610954157872
4.733311366573762,4.115325530711234,3.510895828943633,-0.08444261109082017,-0.11633646954028604,1.3444266075939206,0.23640038792154291
4.715866536066837,4.105820667778731,3.6169362753045102,-0.21806038133656827,-0.11818247741930439,1.325132099173967,0.5565117012176192
4.711880753013577,4.096646654142307,3.7242419636713677,-0.0498222881657574,-0.11509265998432078,1.3345096316225344,0.14119138487719307
4.707222188564049,4.087394255958722,3.830385046213708,-0.058232055619100546,-0.11602304316661673,1.3201839193746738,0.1646257149689906
4.694090496109369,4.0779393749272845,3.9346269050687512,-0.16414615568350274,-0.11789444599408708,1.3003163528380675,0.4379591367688913
4.687328757769193,4.068639567324561,4.0390556123649795,-0.08452172925219256,-0.11645046403258855,1.2996288263569642,0.2366137109196386
4.673562613304013,4.059188410290215,4.1418816554642035,-0.17207680581475443,-0.11779717219679853,1.2827854081616012,0.4563531842271318
4.666787165463366,4.0499112140463955,4.244970470286365,-0.08469309800809,-0.11616517820959962,1.2828096680389154,0.23707569008643214
4.661305126368071,4.040623754102063,4.347251908006614,-0.06852548869118556,-0.11639757406321384,1.2720591674827668,0.19306027498729295
4.647870578861374,4.031152867142917,4.447734526214041,-0.16793184383371973,-0.11807205327129046,1.2531141846717246,0.44677999594515316
4.641065229382395,4.021845043257307,4.54837313878823,-0.08506686848723898,-0.11654773178174062,1.252030842086016,0.2380829497563201
4.627273756642154,4.012386692688206,4.647399407094307,-0.17239340925301325,-0.11788579745429034,1.234941921455008,0.45708075194275455
4.6204927977769525,4.003102806716525,4.746610924031029,-0.08476198581502249,-0.11624881778939081,1.2341098635108114,0.23726137010597126
4.617889450543114,3.993857360512377,4.845241939937684,-0.03254184042298968,-0.11610031126244769,1.224974370456856,0.09257270379725047
4.601764833638045,3.9842982912220313,4.9413499689869065,-0.20155771131336903,-0.11897065328386427,1.1992690241084674,0.5218496922988483
4.594689587508582,3.9749762851229167,5.037942061398172,-0.0884405766182838,-0.11670444051007771,1.2013340020903935,0.24715215225312281
4.580801184013155,3.9655100095361635,5.1329447933921655,-0.1736050436928436,-0.11797796077215915,1.1843376809716395,0.45986033000590393
4.574006813585493,3.956220700433449,5.228064946334586,-0.08492963034577762,-0.1163159063401736,1.1827514976801405,0.2377131690684821
4.571398178159008,3.94697006128808,5.32255520421171,-0.03260794283106039,-0.11616505880605837,1.1730744040903662,0.09275967148179194
4.555261328783044,3.937405771919019,5.414551048305825,-0.20171061719955113,-0.1190355138004851,1.1474794469827734,0.522177457519237
4.548183296857634,3.9280787278565215,5.506935572016358,-0.08847539906762615,-0.11676754277088153,1.1485217669493124,0.2472455486042536
4.534284477369604,3.9186072961258227,5.597721652338168,-0.17373524360038448,-0.11804210238471438,1.1312872366043538,0.4601585641958511
4.527486574662471,3.909312965651781,5.688543621385513,-0.08497378383916672,-0.11637873528923749,1.1288173545008988,0.23783214548357406
4.513767677163969,3.899869181544272,5.777743398071809,-0.1714862187312813,-0.11770802898025709,1.111261429838014,0.45499460099860933
4.5070593626411055,3.8905992450590414,5.866927248451395,-0.08385393153579934,-0.11607930591446178,1.1082463436230847,0.23481246832411645
4.504534449117341,3.881367109504651,5.955408766764232,-0.03156141904705157,-0.1159395464904818,1.0977869260494426,0.08979887090229197
4.488510471996066,3.8718206995896387,6.041449169488813,-0.2002997140159441,-0.11881896838631723,1.0724597945616294,0.5191483895465502
4.481500530658956,3.8625097694223696,6.127729889304616,-0.0876242667138778,-0.11657043585165369,1.071932691214101,0.24496149123121272
4.46769245833297,3.853054058334074,6.2124076925926826,-0.17260090407483514,-0.11785122336818421,1.054437189965481,0.45755730133882344
4.460963039492832,3.8437742443624647,6.2969985050354085,-0.08411773550173458,-0.11620176124042797,1.0506512614123396,0.23552420971510563
4.458422520465752,3.8345324510798218,6.38084103519005,-0.031756487838492595,-0.11605949826472035,1.0397030543191876,0.09035087624606233
4.442370404598583,3.8249764101617565,6.462283241344947,-0.20065144833962176,-0.11893819064138487,1.0146158603032054,0.5199045126193701
4.438283185066547,3.815705863657662,6.544098030028445,-0.05109024415043993,-0.11629666548552718,1.0148728113628753,0.14473528011206765
4.4216913668286155,3.8061572826280483,6.6237007745523515,-0.20739772797415407,-0.11880147612327657,0.9916803084425398,0.5342804225445292
4.414705613525355,3.7968616071595127,6.703482964992982,-0.08732191629076456,-0.11638062667572324,0.990456294298937,0.24414948878437392
4.412088531973781,3.7876100797817713,6.7824983083503465,-0.032713519394671084,-0.1161755300460611,0.9793064656231164,0.0930582765435807
4.395986312253943,3.7780457409070434,6.859166343715037,-0.20127774649798383,-0.11903887159348815,0.9545862867570898,0.5212492464253989
4.391887569679055,3.7687679678592536,6.936100664146433,-0.051234282186110536,-0.11638648310900312,0.9537636042797608,0.14513763190313075
4.375272884545139,3.759212130431765,7.010861839239678,-0.20768356417394637,-0.11889119070919872,0.9307895106619666,0.5348842101588774
4.3682772555299305,3.7499095208831656,7.085701275960285,-0.08744536269011377,-0.11646699444088847,0.9285113965178331,0.2444810603268158
4.36564904757954,3.7406510607037746,7.159728396504957,-0.032852599379890664,-0.11626164551846323,0.9168930275101246,0.09345161483212938
4.349524434088467,3.7310797687014037,7.231460073635086,-0.20155766863841168,-0.11912478389574363,0.8925261768900726,0.5218496008046285
4.345415849370233,3.7217953466876774,7.30334705079861,-0.05135730897792952,-0.1164691829027544,0.8905856086411655,0.14548125401364037
4.3287794437964076,3.712232799212776,7.373104767166708,-0.20795506967282237,-0.11897410626698333,0.8678817671368334,0.5354573264713494
4.32470825627678,3.7029734308264852,7.443033521432114,-0.05088984399535276,-0.11615759109874484,0.8660877373218328,0.1441754094782574
4.319899300258543,3.693634959462266,7.511626527042009,-0.060111950227960925,-0.11709202538060401,0.849546210824883,0.16984022437472826
4.30286549538642,3.684032246388872,7.578165946472569,-0.21292256090154837,-0.11944939032557216,0.8275465910339826,0.5458743948645005
4.298704034914775,3.674741936514188,7.644844712678378,-0.05201825589555577,-0.11653888841344268,0.8254279200007253,0.14732672914416445
4.2820330148668635,3.6651744783897695,7.709447371305543,-0.20838775059890005,-0.11903330990044088,0.8030910115393413,0.5363698603445447
4.277954187211965,3.655910965358678,7.7741059645358215,-0.05098534568623068,-0.11620902170647035,0.8001505746100882,0.14444222998818748
4.261413035499541,3.646370012782366,7.8367140155036745,-0.2067643964053001,-0.11870926830565465,0.777987905982507,0.5329410632048601
4.254472942152551,3.6370814231731785,7.8991466639799155,-0.08675116683737272,-0.11629521237108706,0.7731022289340036,0.24261576984745034
4.2519075518981015,3.6278365976341083,7.960664656376098,-0.032067378180627173,-0.11609556084419197,0.7604588790144667,0.09123051898298734
4.235868258091362,3.618278484211535,8.020037928588483,-0.20049117258425697,-0.11896533707458577,0.7371985784407113,0.5195600490247222
4.231811228386473,3.6090059284252556,8.079287748320866,-0.05071287131111556,-0.11632430883347784,0.7324869656246734,0.14368091395561314
4.215252225984716,3.599455017273532,8.136538314450526,-0.20698753002197234,-0.11883345766582383,0.7106765834056913,0.5334131843956007
4.211228765934364,3.5902061085291717,8.193671061229171,-0.05029325062939803,-0.11603007616557942,0.7060214613716239,0.1425081311191035
4.206477678909573,3.580877743667706,8.249459640704572,-0.05938858780989432,-0.11696971242294968,0.6893421859187653,0.16783482726783594
4.189518852192129,3.571284693564654,8.303320682833153,-0.21198533396804517,-0.1193334083802275,0.6681926063457597,0.5439189556434412
4.185400794434526,3.562002818523003,8.35702457998742,-0.05147572197003712,-0.11643644525712382,0.6631485518433844,0.14581195679705986
4.168795219869573,3.552443611425163,8.408792007097844,-0.20756968206191692,-0.11893441032297997,0.6418115677058672,0.5346437024102978
4.164757679357472,3.543187323285945,8.460327312478876,-0.05046925640125638,-0.11612160714639065,0.6360362095675834,0.14300009160278712
4.159990230855756,3.533851659605785,8.510519682323485,-0.05959310627145553,-0.11706007179660427,0.6193606170160593,0.1684019582184214
4.143003499736079,3.524251332812887,8.558843257446961,-0.21233413899596834,-0.11942299807801886,0.598640258962562,0.5446472473168178
4.138872819142493,3.5149625845684143,8.606890492189448,-0.05163350741983978,-0.1165217389043861,0.5924325153278691,0.14625256871671713
4.1222415444383085,3.5053964575100713,8.653065268891805,-0.2078909338023078,-0.11901965921809014,0.5715826328338435,0.5353219782947434
4.118191495349309,3.496133603887192,8.69889170468052,-0.05062561361249903,-0.11620304441725281,0.5646761429104321,0.14343707319777382
4.113408745712609,3.4867914333146977,8.743379419615014,-0.059784370458744775,-0.11714057053317714,0.5480411935510394,0.16893223604780017
4.10004604983512,3.4772464033728743,8.786214160607111,-0.16703369846861135,-0.11901175221349282,0.5289909963554569,0.44469394149921726
4.09314774009062,3.4678590862141,8.828280687738264,-0.08622887180624983,-0.11753941035920831,0.5181602396633229,0.24121123653245485
4.075424404955716,3.4582569947857738,8.868688002367852,-0.22154168918630418,-0.11938721344872215,0.49937317650852525,0.5636403844656126
4.07132653313249,3.4489891842782083,8.908700706377099,-0.051223397790320556,-0.11626145923198565,0.492030677347113,0.14510722938978962
4.054788284580654,3.4394445538787703,8.946943976947935,-0.20672810689795257,-0.11875588338045955,0.47199615974404335,0.5328642545368636
4.050797460829671,3.4302020407053573,8.984671639333632,-0.0498852968872945,-0.11595238500623554,0.4634783344357968,0.14136757725650725
4.0460875631824536,3.420879850755886,9.021073048976548,-0.05887372059021509,-0.11689544827017845,0.44697793330468544,0.1664066154051354
4.029179135534304,3.411292611727403,9.055767242051845,-0.21135534560188077,-0.11926408139456332,0.42750196772063925,0.5426019365695778
4.025092216359728,3.402015733528843,9.089894336262164,-0.05108648968219452,-0.11637619230226692,0.41849081790232734,0.14472479185456272
4.008530426799334,3.3924613406519635,9.122323865287571,-0.20702236950493286,-0.1188771500015143,0.3990336739790343,0.5334868763816507
4.00452247911867,3.3832091916511926,9.154123644111994,-0.05009934600830515,-0.11607200376535788,0.3894230805644339,0.14196606046748614
3.999790898580498,3.3738774283956396,9.184608263970299,-0.0591447567271502,-0.11701394645864263,0.37304929603847004,0.16715853975005207
3.9864895535270524,3.3643423540266637,9.213562331204113,-0.16626681316807573,-0.11889118642119795,0.3549859068929619,0.44290946568398715
3.9796367235177685,3.3549641460639474,9.241583141835871,-0.08566037511605173,-0.11742854335539388,0.3425187323584165,0.23968135593442547
3.961976103875018,3.3453709011262305,9.268078021486643,-0.2207577455343854,-0.11928053646403625,0.3246963294260381,0.5620406598442041
3.957913592009014,3.3361109253613312,9.293875220619743,-0.05078139832505347,-0.11616591184487252,0.31445733053734604,0.14387239994514267
3.9531524392696826,3.326772389725152,9.318372919360428,-0.059514409241643425,-0.11709664127958277,0.298263753087842,0.1681837437952724
3.93982171306586,3.3172309059531497,9.341396799990038,-0.16663407754778542,-0.11896960486915792,0.2806810742441133,0.44376443596432924
3.932952378307865,3.307846747150674,9.363423286540865,-0.08586668447494122,-0.11750202006572878,0.2675897822636815,0.24023668739505746
3.915265116035585,3.298247579459004,9.383984617012487,-0.22109077840350505,-0.11935316613704355,0.25023315675180274,0.562720645151966
3.9111903526274325,3.2889820883644636,9.403725821373662,-0.05093454260190473,-0.11623418419709546,0.23883676679822316,0.14430029471199993
3.906413758895897,3.2796380944871735,9.422184472634706,-0.059707421644198205,-0.11716395907327962,0.22284267297093638,0.16871890783132382
3.8930603225077145,3.2700912152792343,9.439229015917064,-0.1669179548522848,-0.11903577834372452,0.2057759495353694,0.4444248101439361
3.886176412521301,3.260701974903904,9.45521367436246,-0.08604887483017051,-0.11756472583035717,0.19208395692034602,0.24072697114674055
3.87218871593041,3.2511608532130167,9.469853701701329,-0.17484620738614073,-0.11891316748246523,0.1757039875562255,0.4626997369649092
3.8652928240497,3.241796239751023,9.48342504457102,-0.08619864850887196,-0.11725426099205005,0.1619412772333035,0.24112993157106305
3.84767784720566,3.2322186352193483,9.495625832109901,-0.2201872105505063,-0.11908679705145914,0.1453416276789851,0.5608743888220955
3.8436583320049014,3.2229741484611156,9.506837143968085,-0.05024394000947994,-0.11597486795981864,0.13236311952251384,0.14237028864796422
3.8389525372296855,3.2136508888676185,9.516796173412393,-0.05882243469020083,-0.11690920863752265,0.11672820453097751,0.1662643136556358
3.8256922767548693,3.204124266050296,9.525431806908054,-0.16575325593520635,-0.11878796983441484,0.10046641973811585,0.44171277041640344
3.8188737448875933,3.1947540459509995,9.53292401110185,-0.08523164834095127,-0.1173308820658211,0.0859878632885585,0.23852685241025964
3.8012599864143506,3.1851685838770556,9.539112148736889,-0.2201719809155387,-0.11918603361400523,0.06992527878282119,0.5608432333968831
3.773218174567661,3.1755060550437433,9.544049802986287,-0.3505226480836236,-0.11933734747143546,0.054453309381614974,0.7853981852531433
3.7451763627209718,3.166076676460748,9.547822838375309,-0.3505226480836236,-0.11638406389535458,0.03986393791657095,0.7853981852531433
3.7171345508742824,3.1568867136839422,9.550427117239481,-0.3505226480836236,-0.11335169794561216,0.025240257868503632,0.7853981852531433
3.689092739027593,3.1479425543313684,9.55186131539817,-0.3505226480836236,-0.11023872433805831,0.010617952951842698,0.7853981852531433
3.6610509271809035,3.1392507078777214,9.552127004230684,-0.3505226480836236,-0.10704362277557948,-0.00396627411198187,0.7853981852531433
3.633009115334214,3.1308178050476676,9.551228731517243,-0.3505226480836236,-0.10376488323384002,-0.01847471941317154,0.7853981852531433
3.6049673034875247,3.122650596763458,9.549174100646411,-0.3505226480836236,-0.10040101182545831,-0.03286870098977621,0.7853981852531433
3.5769254916408353,3.114755952598773,9.545973847734729,-0.3505226480836236,-0.09695053728782577,-0.04710858801422015,0.7853981852531433
3.548883679794146,3.1071408586870266,9.541641916142812,-0.3505226480836236,-0.09341201814179331,-0.06115383683615086,0.7853981852531433
3.5208418679474565,3.099812415028511,9.536195527804589,-0.3505226480836236,-0.08978405057030617,-0.07496303476460932,0.7853981852531433
3.492800056100767,3.092777832136768,9.529655250712567,-0.3505226480836236,-0.08606527706770511,-0.08849395255273881,0.7853981852531433
3.4647582442540776,3.086044426960454,9.522045061821625,-0.3505226480836236,-0.08225439591176319,-0.10170360663097731,0.7853981852531433
3.436716432407388,3.0796196180127726,9.513392404546831,-0.3505226480836236,-0.07835017151150392,-0.11454833221895044,0.7853981852531433
3.408674620560699,3.073510919636261,9.503728239936933,-0.3505226480836236,-0.07435144568436451,-0.12698386853090585,0.7853981852531433
3.3806328087140094,3.067725935326446,9.493087090504684,-0.3505226480836236,-0.07025714991620982,-0.13896545737290691,0.7853981852531433
3.35259099686732,3.062272350033621,9.481507075588024,-0.3505226480836236,-0.06606631865695588,-0.15044795651022305,0.7853981852531433
3.3245491850206306,3.0571579213578386,9.469029937002864,-0.3505226480836236,-0.061778103702984255,-0.16138596925803678,0.7853981852531433
3.296507373173941,3.0523904695482034,9.455701053629225,-0.3505226480836236,-0.05739178971497098,-0.17173399181488877,0.7853981852531433
3.2684655613272517,3.047977866213811,9.441569443448683,-0.3505226480836236,-0.05290681091604545,-0.18144657991277482,0.7853981852531433
3.2404237494805623,3.043928021650271,9.426687751423476,-0.3505226480836236,-0.04832276901015356,-0.1904785363965416,0.7853981852531433
3.212381937633873,3.0402488706828215,9.411112221477728,-0.3505226480836236,-0.04363945235392161,-0.198785121363506,0.7853981852531433
3.1843401257871835,3.036948356924683,9.394902650710895,-0.3505226480836236,-0.038856856406993046,-0.2063222864867661,0.7853981852531433
3.156298313940494,3.0340344153477257,9.378122323844984,-0.3505226480836236,-0.03397520547550381,-0.21304693510636605,0.7853981852531433
3.1282565020938047,3.031514953061811,9.360837925783207,-0.3505226480836236,-0.02899497575084532,-0.21891720959460798,0.7853981852531433
3.1002146902471153,3.0293978281995937,9.343119430041831,-0.3505226480836236,-0.02391691963088432,-0.22389280737780284,0.7853981852531433
3.072172878400426,3.02769082680528,9.325039960713195,-0.3505226480836236,-0.018742091293129953,-0.22793532681850878,0.7853981852531433
3.0441310665537364,3.0264016376290845,9.306675625530664,-0.3505226480836236,-0.013471873468714432,-0.23100864392099493,0.7853981852531433
3.016089254707047,3.025537824734145,9.288105317541383,-0.3505226480836236,-0.008108005342271893,-0.23307932050917557,0.7853981852531433
2.9880474428603576,3.025106797829718,9.269410482855912,-0.3505226480836236,-0.002652611475651972,-0.2341170441310268,0.7853981852531433
2.960005631013668,3.0251157802538353,9.250674851942373,-0.3505226480836236,0.0028917683772547824,-0.23409509945724263,0.7853981852531433
2.931963819166979,3.0255717745405777,9.231984131974036,-0.3505226480836236,0.008522148731590677,-0.2329908703554519,0.7853981852531433
2.9039220073202894,3.0264815255219655,9.213425657831843,-0.3505226480836236,0.014235067313450795,-0.23078637112666966,0.7853981852531433
2.8758801954736,3.0278514809325094,9.195087999516007,-0.3505226480836236,0.020026553729132257,-0.22746880458093593,0.7853981852531433
2.8478383836269106,3.0296877495059498,9.177060523943053,-0.3505226480836236,0.02589209815315075,-0.22303114369971788,0.7853981852531433
2.819796571780221,3.03199605657894,9.159432909406085,-0.3505226480836236,0.03182662037453291,-0.2174727325817696,0.7853981852531433
2.7917547599335317,3.0347816972455997,9.142294611366347,-0.3505226480836236,0.03782443959160074,-0.21079990119878766,0.7853981852531433
2.7637129480868423,3.0380494871401704,9.12573427873268,-0.3505226480836236,0.04387924539815353,-0.2030265872040495,0.7853981852531433
2.735671136240153,3.0418037109626037,9.1098391203807,-0.3505226480836236,0.04998407045775137,-0.19417495665378037,0.7853981852531433
2.7076293243934635,3.0460480689037857,9.094694222372915,-0.3505226480836236,0.05613126541660239,-0.1842760140366544,0.7853981852531433
2.706615035683329,3.0513106167590034,9.080612603613453,-0.012678608876679376,0.06636722543126486,-0.17084251993365482,0.03615482221711286
2.7105557650488614,3.0567638727017457,9.067402722833917,0.0492591170691551,0.06830614730770326,-0.15994549042115838,-0.1396161890345642
2.716349974785046,3.062275890561255,9.055036232345783,0.072427621702312,0.06887405464841308,-0.14941014458483307,-0.20375996726556078
2.719970782741154,3.0677412705625984,9.043481601226896,0.04526009945135102,0.06848847457428305,-0.13923668632623754,-0.1284112578576586
2.726112442483181,3.073283359517955,9.032776537149612,0.07677074677533631,0.06922055250563561,-0.12862107934423495,-0.21561338537804176
2.7331941954889536,3.0788348726643022,9.022907942723565,0.08852191257216109,0.06925213653031197,-0.11817750589546443,-0.24737029434968782
2.737722620500474,3.0843137107427046,9.013852267132883,0.056605312644002474,0.06857367558912503,-0.10801382104542552,-0.16010609180080948
2.744685449272916,3.0898542625238363,9.005639854085297,0.08703535965552568,0.06912508690273879,-0.09747243634520557,-0.24337959930774922
2.749543119776435,3.0953324878445843,8.998245153811055,0.06072088129399217,0.06853540722089294,-0.08725892016159455,-0.17152731239479557
2.756969126990721,3.1008701436329087,8.991691058554954,0.09282509017857288,0.06904567314906876,-0.07674537066218796,-0.2588766876662083
2.7622807662796265,3.106338315376546,8.985955722188896,0.06639549111131937,0.06836667801439479,-0.06653193381716396,-0.18720069398632067
2.7701709494772326,3.111859234400342,8.981056317341785,0.09862728997007936,0.06879178711807377,-0.05607202847307417,-0.2742805876352037
2.7758960847215786,3.117302450388623,8.976975220178788,0.07156419055432518,0.06801401153479418,-0.04587794052962566,-0.20139641284978627
2.781207757378651,3.1227333678116116,8.973714405167131,0.06639590821340755,0.06789754779968807,-0.03562963441817544,-0.18720184271375917
2.786594011790677,3.1281675255047756,8.97127478305593,0.06732818015032337,0.06793142192142969,-0.025362310964938496,-0.1897681285648236
2.7952008237788912,3.1336654265407673,8.969664310306733,0.10758514985268304,0.0684352885612434,-0.014962411766733302,-0.29780040554549636
2.8017440216099487,3.139076485482647,8.968874881915056,0.08178997288821858,0.06753297795603858,-0.00475745280097564,-0.22923559933886928
2.8078863146190782,3.1444627612849723,8.968901821049746,0.07677866261412022,0.06725811750947873,0.005429532943854754,-0.21563493454224947
2.8140740745600477,3.1498386183547886,8.969743242270425,0.07734699926211966,0.06712266489604272,0.015603304102269974,-0.2171815758358555
2.820431952515474,3.155205661487878,8.97139804655388,0.07947347444283452,0.06699581967783272,0.02576496441005946,-0.22295904387769383
2.8269881922844773,3.160561764782464,8.973865180731655,0.08195299711253838,0.06683955978226695,0.03591232132132252,-0.22967662807677414
2.833741617737662,3.165903768770578,8.977143366276472,0.08441781816481049,0.06664360078076315,0.046041690663913365,-0.2363335352762732
2.8403549940174755,3.171221883026771,8.981231049320733,0.08266720349766668,0.06635572896011276,0.05614163943351235,-0.2316076938281899
2.844516196692886,3.1764724457096207,8.98612647666411,0.05201503344263235,0.06573369053807188,0.06616199759746913,-0.14731773395408965
2.851112052288994,3.1817871308826655,8.991815430934126,0.0824481949513527,0.06631416884240456,0.0761574093247509,-0.23101572645703072
2.8585810993083483,3.187099768554957,8.998309847983347,0.09336308774193089,0.06620698422018666,0.08623648654618817,-0.26031040260209437
2.8663945581176136,3.192386852225119,9.005611476001278,0.09766823511582111,0.06585292504660961,0.09631334633289983,-0.2717434361858668
2.877537168130386,3.197701601660022,9.013712411325356,0.1392826251596569,0.06589102699763495,0.1063853750197137,-0.3782258476760152
2.8968548658807696,3.20309056215015,9.022613145864979,0.24147122187980158,0.066064516860577,0.11660527850068392,-0.6032299773489047
2.9167256132147705,3.2082815387423236,9.032359724560674,0.24838434167501658,0.06351320208845682,0.1270404238422133,-0.6164820714229524
2.9359543665766745,3.213238378120044,9.042931810972291,0.24035941702380254,0.060617687266811805,0.13716048226267036,-0.601075752722986
2.9545709182494453,3.2179666774073996,9.054297461698715,0.23270689590964158,0.05779074259750732,0.1468800507456271,-0.5860746931809828
2.9725801867859842,3.2224713138115795,9.066424605637582,0.22511585670674278,0.05502554631091759,0.15619726269539405,-0.5708929855694507
2.989988541710054,3.2267573219043832,9.079280957556222,0.21760443655087497,0.052323884697955576,0.16511039672639774,-0.5555733398352132
3.006803242938638,3.2308298532320996,9.092834170621275,0.21018376535730476,0.049687089064159806,0.17361953090967722,-0.540147124008536
3.023032344642955,3.2346941532529505,9.107051971059262,0.20286377130396285,0.047116211132147354,0.1817263440467232,-0.5246453488425242
3.038684605536792,3.2383555397811863,9.12190227961878,0.19565326117297444,0.044612041789296265,0.18943395293891802,-0.5090985428246277
3.0537694042777392,3.2418193829034316,9.137353320192423,0.18855998426184012,0.042175129434245555,0.19674675483131857,-0.4935365949380568
3.068972435718047,3.2451048919079906,9.153372436627402,0.19003789300384963,0.03991438396598302,0.20368069928109614,-0.49680086542688784
3.0830519967164065,3.248181574899898,9.169934674103978,0.17599451247949802,0.03738981495138375,0.2102467792293859,-0.46531956903559646
3.096512324124074,3.2510735541898415,9.187004023230559,0.1682540925958472,0.03512093151788305,0.21639443434698344,-0.44752744473900563
3.109430380817371,3.2537888250513594,9.204549926146871,0.16147570866621652,0.03294567449685512,0.22216804474212257,-0.4316926242103669
3.121828222613041,3.2563332415829125,9.222543144648743,0.1549730224458774,0.030842335485566537,0.2275812676505666,-0.4162815041098824
3.1337195607719095,3.258712285019934,9.240955270854155,0.1486417269858565,0.028806990850832014,0.23264422491046943,-0.40107199608061617
3.145116809192849,3.2609313269558253,9.259758681015064,0.14246560526174434,0.026838353723821012,0.2373668141842954,-0.3860437359747495
3.156890912824995,3.263013379269165,9.278925863282195,0.14717629540182467,0.025074457323066027,0.2417800968007597,-0.3975231820449192
3.167503455872478,3.264918393041478,9.298435848772252,0.13265678809354353,0.022956935183637846,0.24586917653634593,-0.36179561484457334
3.1775042584971596,3.26667308148417,9.318257686170472,0.12501003280852205,0.02112234095684382,0.24960614642394707,-0.3425769742617133
3.187021417862699,3.2682872455556744,9.338365817441803,0.11896449206924944,0.01939882060132996,0.2530352345454911,-0.3271931760792963
3.196094807510922,3.269767023312287,9.35873649168318,0.11341737060278696,0.017748848646875086,0.2561742098082793,-0.3129347606920554
3.2056668926140133,3.2711367246618,9.37934713143243,0.11965106378864213,0.016312371490784967,0.2590641866781759,-0.3289485230313165
3.2141114181899835,3.2723529399718507,9.400179188779289,0.10555656969963054,0.014489325602277982,0.26166346271887886,-0.2925028070037765
3.221968546197573,3.2734422253655397,9.42120665985198,0.09821410009486949,0.012947770840753367,0.2639703850371305,-0.273187948008645
3.229386652626254,3.2744149051738174,9.442408225186515,0.09272633035851564,0.011521743703965087,0.2660229273958551,-0.25861338316586213
3.2364154120083843,3.2752770831127376,9.463764350073141,0.08785949227663618,0.010167780459473358,0.26783820958309673,-0.24559299304115267
3.244031161303368,3.276053393234204,9.48525748988127,0.09519686618729772,0.009027733321694643,0.2694637788669801,-0.26518900800434775
3.2505746115201912,3.2766987026424617,9.506871245207527,0.08179312771029347,0.007483085395685641,0.2708312055779161,-0.2292441349274954
3.2565666757281435,3.2772387518736332,9.528584560997064,0.07490080259940726,0.0062113271947308885,0.27196492044045856,-0.2105172037783829
3.262166218051373,3.2776839129171584,9.550380264019084,0.0699942790403696,0.005054576739224788,0.27289558318407536,-0.19709310698546467
3.267429218657432,3.2780400688011775,9.572242786530238,0.06578750757573945,0.003966437702596863,0.273638180626348,-0.18552573605501976
3.2733412987956996,3.2783315920351708,9.594159179684276,0.0739010017283438,0.0030878583177617034,0.27424421141068595,-0.20778785614372897
3.278244616372289,3.2785127293755876,9.616114981039876,0.061291469707373716,0.0017968964808138426,0.27462258645936927,-0.1731072750529501
3.2826390506326075,3.278608143834268,9.638093620839568,0.054930428253981325,0.0007672225532431336,0.2748199606224643,-0.15544581459959161
3.286687515508421,3.2786279487089653,9.660081671785198,0.050605810947666696,-0.0001511444574823094,0.27486012759920253,-0.14338173245850516
3.29044925557856,3.2785776765576693,9.68206707573214,0.047021750876738704,-0.001005662194857616,0.2747554421029896,-0.1333514313027635
3.2949007968219046,3.2784810292355275,9.704040816947142,0.055644265541809006,-0.0016582050797271533,0.27455920740341844,-0.15743287353871338
3.2984096574355277,3.2782924353052874,9.725990222753726,0.04386075767029029,-0.0027233197496068827,0.274163544998567,-0.12448259564396569
3.301454875371592,3.278035375440129,9.74790256961773,0.0380652242008088,-0.003540015576208042,0.27363188212905537,-0.10817172541974163
3.3041991292380293,3.277719517047436,9.769767653496386,0.034303173330463836,-0.004251012660091605,0.27298217811515835,-0.09755229683743138
3.3067025715370395,3.277349965600183,9.791576403324775,0.03129302873762584,-0.004903639509186447,0.2722242246282121,-0.08903929081935136
3.3099183243203125,3.276949461600727,9.81332302128367,0.04019690979091286,-0.005364066577523259,0.2714113633500683,-0.1141782988068254
3.3122577398117694,3.2764732495810662,9.834996526660348,0.029242693643210426,-0.006231169276687194,0.27042523773468546,-0.08323323384865233
3.3141790699347777,3.2759435748951535,9.856587381796421,0.024016626537607135,-0.0068633576888492125,0.26934027137732225,-0.06840970173988214
3.3158417587512017,3.2753695481679035,9.87808807134137,0.020783610205301405,-0.007396541187598867,0.26816977900428646,-0.05922386289928827
3.3173051359575583,3.2747558118928253,9.899492004577182,0.01829221507945715,-0.007877106498037724,0.26692133209776225,-0.05213824843419168
3.319487592996054,3.274123937892234,9.92079592928637,0.02728071298119618,-0.008176717557393633,0.2656469140043543,-0.0776720989306332
3.3208595192659747,3.273430511071947,9.941990487044272,0.01714907837400663,-0.008872032083714407,0.26422358434770676,-0.048885330163296103
3.321857766517751,3.2726964998334367,9.963068718601084,0.012478090647204409,-0.009346385066948109,0.26273140012182145,-0.035583502932590605
3.322636337711646,3.2719303948484937,9.984025306478634,0.009732139923683396,-0.009728998452788835,0.26118017781405645,-0.027757522588711225
3.3232525116267553,3.271136367796492,10.004855687072535,0.007702173938868032,-0.010064719670740548,0.2595757036426226,-0.021969863361918307
3.3245810664836357,3.2703346768201786,10.025558568204133,0.016606935711003946,-0.010231680508099465,0.25796754863158206,-0.04734223872450638
3.3251640679719037,3.269483682470427,10.046126150433325,0.007287518603347634,-0.010779135803080363,0.25623318279623675,-0.020787441052205313
3.325415785133304,3.268603035647367,10.066553527893056,0.003146464517503997,-0.01111997331313287,0.25445375499092887,-0.008976253110693388
3.3254831187224516,3.2677005745113634,10.086837155538975,0.000841669864343528,-0.011376581480808405,0.252636587575335,-0.0024011807834609655
3.3254204565079006,3.266780010209952,10.106974108830187,-0.0007832776818845241,-0.011591810311866376,0.25078610642264193,0.002234595631472658
3.326052236705321,3.26586019158973,10.126964569570026,0.007897252467754927,-0.01165102262650131,0.24894872573852656,-0.022526124083442234
3.3260023876984555,3.2649016062857275,10.146802223421256,-0.0006231125858191612,-0.01207208200045552,0.24700621305085482,0.0017776652460574915
3.3256611439064936,3.2639225503875187,10.166483781280489,-0.004265547399525945,-0.012301197455359018,0.24503727160384878,0.012168505755520531
3.3251670695340563,3.262930197751951,10.186007113509843,-0.006175929655468849,-0.01245362194681494,0.24304754673094953,0.01761738001990487
3.324571117086356,3.2619278203805946,10.205370609893693,-0.00744940559625703,-0.012569857388193276,0.24104046865376988,0.021249081648228696
3.324642612582749,3.2609328030116123,10.224575535512487,0.0008936937049104638,-0.012543052766738024,0.23905882069943066,-0.0025495977886893506
3.3240950415623445,3.259908029420067,10.243616967177688,-0.006844637755055463,-0.012856796076963916,0.23699143351490015,0.01952446734627511
3.3232931879536913,3.258870412572165,10.26249287854325,-0.01002317010816307,-0.012993492247455852,0.23491205175161817,0.028587138722089733
3.3223664090732257,3.25782646521912,10.281202260927879,-0.011584736005821597,-0.013060912025407058,0.23282526315693003,0.03303786744347148
3.321361901933566,3.256779048004576,10.299744549386862,-0.012556339245744773,-0.01309695239367812,0.23073378888625215,0.03580645269626226
3.3209908738080647,3.2557440611469364,10.318121784926888,-0.004637851568766066,-0.013002902084159178,0.2286765341190906,0.01323047449101944
3.320061574325856,3.2546869737417103,10.336330319339234,-0.01161624352760838,-0.013226210618605624,0.22655114413122776,0.033127656364404956
3.3189121932681718,3.253623301618191,10.354369106678801,-0.014367263221056713,-0.01328743867214504,0.22442482662170293,0.04096518615721756
3.3176623310358426,3.2525589109445687,10.37223801825006,-0.015623277904112024,-0.013286570048493136,0.22230154613588918,0.044541899156220754
3.316355277171047,3.2514962821193123,10.389937311930632,-0.016338173309943214,-0.013258725701452753,0.22018352430374533,0.04657718075694728
3.315642677106742,3.250449839441034,10.407469566193795,-0.008907500803812082,-0.013113499209212821,0.2181057222301984,0.025406586959831667
3.3144303723113167,3.2493877516447434,10.424832272823455,-0.015153809942818031,-0.013261264961518,0.2159755085244118,0.04320513874658083
3.313029234178307,3.2483241410163677,10.442025143109039,-0.01751422666261597,-0.013261805361835107,0.21385275661269212,0.04992451468282688
3.311548836444433,3.247264250375899,10.459048731420143,-0.01850497167343032,-0.013207111385844872,0.21174108441642087,0.05274355035666867
3.3106171611690876,3.246222396553911,10.475905855862766,-0.011645940941819397,-0.013034052745314788,0.20967293360911948,0.03321228642139573
3.30922693761897,3.245169301179425,10.492594809051266,-0.017377794376469587,-0.013130402625096632,0.207563789322882,0.049536251182470625
3.3076698386613455,3.244118105965794,10.509115801551983,-0.01946373697030323,-0.013089984416860342,0.2054676278992267,0.05547079373019259
3.3060483910448726,3.243073613894039,10.525469843270372,-0.02026809520591118,-0.012999177415355972,0.20338790298117257,0.057758185175453614
3.304399188462813,3.242037711257716,10.541658257392557,-0.020615032275746487,-0.01288821830355943,0.20132625378746732,0.058744601142786346
3.303267189418535,3.2410222575069456,10.55768418432255,-0.014149988053474605,-0.012681661909122208,0.19931077842040656,0.04034634960737682
3.3017344631429624,3.240000359130653,10.573546817290396,-0.01915907844465947,-0.012723281538403184,0.19726664787742232,0.054604268872737505
3.300062366892875,3.238983689763495,10.589246839396989,-0.020901203126096893,-0.01264363712898024,0.19524035255925018,0.0595581597648327
3.2983424715120027,3.237976442389739,10.604785672591929,-0.021498692260903746,-0.012520208287425567,0.19323519026319252,0.06125651329077697
3.2966072480041086,3.236980198715252,10.620165017421394,-0.021690293848674214,-0.012380058145546043,0.19125257642204505,0.06180106336542046
3.2953442753706534,3.2360054732665544,10.63538813312798,-0.015787157918189357,-0.01215559618946171,0.189317078394413,0.04500849291801301
3.29373066161536,3.2350280670254814,10.650454931240109,-0.02017017194117222,-0.012154736279293376,0.1873632733583872,0.05747974803490363
3.292000896759535,3.23405836354952,10.665366441208052,-0.02162206069781391,-0.012046215573385564,0.18543071878454542,0.061607142402222204
3.2902368875151216,3.2331000270379984,10.68012438023649,-0.022050115555169676,-0.011899619523878722,0.18352259800471848,0.06282361171887074
3.288467496536258,3.232154380451031,10.694730714972016,-0.022117387235795184,-0.011739206317480667,0.18164014568624715,0.06301477116390553
3.2871255857840413,3.2312306760548273,10.709188736569853,-0.016773884402710656,-0.011504988047187395,0.17980467028323827,0.047817446330108204
3.2854794484161642,3.230307316747836,10.723498931385926,-0.020576717098465078,-0.011470583708614512,0.17795946766026507,0.05863566852155633
3.283737730361392,3.2293934635872286,10.737662582915572,-0.021771475684648735,-0.011341371712078177,0.1761378141651224,0.06203177887370992
3.2819731115228565,3.2284922923001007,10.751681610425777,-0.02205773548169667,-0.011179328747610738,0.17434275700544755,0.06284526476012475
3.280211053741633,3.2276048963829034,10.76555815519595,-0.022025722265296185,-0.011006024310658648,0.17257536782380856,0.06275429452375869
