psi_1,psi_2,y2,psi_1d,psi_2d,y2d
5.288347633542818,5.288347633542818,-3.0,0.0,0.0,0.0
5.288347633542818,5.288347633542818,-2.865007585383504,-0.0,-0.0,1.6874051827061936
5.316389445389508,5.288929174303874,-2.729967369403604,0.3505226480836236,0.0045496587862870344,1.6884715788637976
5.344431257236199,5.2890731808749,-2.594873387269138,0.3505226480836236,-0.0009642581656945006,1.6887407748650236
5.372473069082889,5.288772570304924,-2.459791533025179,0.3505226480836236,-0.0065652605517514066,1.6881590237687085
5.400514880929579,5.288020504301881,-2.3247921937589044,0.3505226480836236,-0.012250054539793604,1.6866677197908841
5.42855669277627,5.2868104277619645,-2.1899506442679217,0.3505226480836236,-0.018014849027866563,1.6842032550265682
5.45659850462296,5.285136109805827,-2.055347451714411,0.3505226480836236,-0.023855324289771683,1.68069691432626
5.48464031646965,5.282991687316029,-1.921068886905939,0.3505226480836236,-0.029766600855923232,1.6760748160983314
5.5126821283163405,5.280371710942371,-1.7872073381983427,0.3505226480836236,-0.03574320900185814,1.6702579073924666
5.540723940163031,5.277271193509869,-1.653861723326803,0.3505226480836236,-0.04177905926890649,1.6631620221251477
5.568765752009721,5.273685660728029,-1.5211378937457012,0.3505226480836236,-0.04786741449505831,1.65469801170283
5.596807563856411,5.269611204059693,-1.3891490253064447,0.3505226480836236,-0.054000863888000725,1.6447719575442126
5.624849375703102,5.265044535563028,-1.2580159883387032,0.3505226480836236,-0.06017129972538077,1.6332854750584385
5.652891187549792,5.259983044471375,-1.1278676894414117,0.3505226480836236,-0.06636989731804387,1.6201361184564493
5.680932999396482,5.254424855222917,-0.998841376556141,0.3505226480836236,-0.07258709891850436,1.6052178953113883
5.708974811243173,5.248368886595896,-0.8710828982114158,0.3505226480836236,-0.07881260229716273,1.5884218989938548
5.737016623089863,5.241814911545971,-0.744746907220428,0.3505226480836236,-0.08503535474048901,1.5696370659437122
5.765058434936553,5.234763617281046,-0.6199969986179303,0.3505226480836236,-0.09124355324601885,1.5487510631610624
5.7931002467832435,5.227216665046567,-0.49700577126950274,0.3505226480836236,-0.0974246516958884,1.52565130927155
5.821142058629934,5.219176749031981,-0.37595480241471835,0.3505226480836236,-0.10356537578098884,1.500226130022921
5.849183870476624,5.2106476537483335,-0.25703452445306674,0.3505226480836236,-0.10965174641891523,1.4723660460932144
5.877225682323314,5.201634309169364,-0.1404439935857698,0.3505226480836236,-0.11566911235808411,1.4419651876475343
5.905267494170005,5.1921428428759615,-0.02639054052399835,0.3505226480836236,-0.12160219258535747,1.4089228262042468
5.933309306016695,5.182180628398256,0.08491070560316329,0.3505226480836236,-0.12743512905332932,1.3731450101233078
5.941860872117603,5.171468566244556,0.19067318877163403,0.10689457626135454,-0.1352967328559347,1.313740978595861
5.937408004779998,5.160341912546426,0.2933586730981119,-0.05566084172006588,-0.13955103401979785,1.2827673156817436
5.940981084930712,5.149258160855881,0.3969799099664222,0.044663501883927356,-0.13957691586603532,1.2892520860671777
5.934375470156254,5.137862348459431,0.4982316099124937,-0.08257018468072622,-0.14277536870941063,1.2657799989045753
5.924401995171149,5.126365076380264,0.5990364322364714,-0.12466843731381469,-0.14381920835503442,1.2622566482717377
5.913467595738547,5.114837253243314,0.700055341700751,-0.13667999290751295,-0.1441379093598489,1.2654692204887366
5.902230531084537,5.103298588099064,0.8014649102437645,-0.14046330817513328,-0.14425368450912526,1.2704639485307825
5.890835147632883,5.091754350357431,0.9033029364047491,-0.14244229314567286,-0.144313020275058,1.275838125484964
5.8793130287330335,5.080206656390886,1.0055767384041898,-0.14402648624811523,-0.14434790050492963,1.2812842780866165
5.87982288890391,5.068832448298659,1.109997926761877,0.006373252135963282,-0.1429911749380872,1.2999746887539327
5.87100480551823,5.057195308050132,1.212220212773043,-0.11022604232100902,-0.14565265431852079,1.2785148407023994
5.859181200332391,5.045484966751238,1.3141229959657355,-0.14779506482298932,-0.14637174798586092,1.2764795702624177
5.846630120210784,5.033765405552434,1.4163478622663381,-0.15688850152009481,-0.14643936257391868,1.2809270562156636
5.833879787276611,5.022051842773419,1.5190383993408694,-0.15937916167716762,-0.14635072157690976,1.2868082056782133
5.821025193593584,5.010347835012679,1.6222179729721093,-0.16068242103782876,-0.14622365113266794,1.2929166531620113
5.808084936801987,4.998654874527688,1.7258885525601615,-0.16175320989496844,-0.14607903730960534,1.2990374859842302
5.795065372661883,4.9869740995231515,1.8300483806420114,-0.16274455175130545,-0.14592051815842344,1.3051325125568627
5.781970946018902,4.97530656907962,1.934694811274341,-0.16368033303726778,-0.1457489606194562,1.3111918853735818
5.768805801813,4.963653305953545,2.039824744853464,-0.16456430257376917,-0.14556480067516067,1.3172100789685184
5.755574030062616,4.952015303019777,2.145434686651209,-0.16539714687981164,-0.14536840980216123,1.323182133239064
5.742279700339761,4.940393524107322,2.2515207481348454,-0.16617912153568604,-0.1451601514737902,1.3291030846975815
5.728926864165063,4.928788903978798,2.358078640439808,-0.16691045218372993,-0.14494038978510299,1.3349678908164557
5.727380679213646,4.917373846132755,2.4668500021360256,-0.019327311892697888,-0.14336144331431233,1.3542426790663122
5.716555573864526,4.905718472343158,2.5733594920123872,-0.13531381686400498,-0.14574758457976128,1.332313868444731
5.702918887153246,4.894013781379038,2.679596747742477,-0.17045858389099505,-0.1461802547389106,1.3308427833935275
5.688762627553441,4.882322219999639,2.78621317789458,-0.1769532449975675,-0.14598048839928446,1.335884450929731
5.674513885114204,4.870655681884994,2.893320713630185,-0.17810928049045843,-0.1456594273329136,1.342018734850617
5.660231520284158,4.859016348238301,3.0009273896318396,-0.17852956037556805,-0.14531481774036684,1.3482111239183119
5.645926266695066,4.847405106621338,3.109027304821246,-0.17881566986365394,-0.14495973834746648,1.3543219977482182
5.631603055572203,4.835822660276822,3.2176124537686506,-0.17904013903579014,-0.14459612331855717,1.3603292119009005
5.617266081341944,4.824269661065505,3.326674145479231,-0.17921217787824015,-0.1442245717448303,1.366224719555595
5.602919393983829,4.812746725020442,3.4362031748664137,-0.17933359197643356,-0.14384552665741626,1.3720021958426782
5.58856696461238,4.8012544340714065,3.54618984852131,-0.17940536714309985,-0.14345941384875138,1.3776555949567126
5.574212689531249,4.789793336176798,3.6566239944791303,-0.17942843851413495,-0.14306665777453317,1.383178994082536
5.571372927739741,4.7785332976387656,3.7691965770930653,-0.035497022393850386,-0.14133349753365276,1.4016677684957664
5.559413574475737,4.767047064397576,3.879517301770359,-0.1494919158000485,-0.14354578891860906,1.3798190209549133
5.544848598084975,4.7555277689760995,3.9895761595573744,-0.18206220488452202,-0.143784907015,1.3783436150424295
5.529911239504837,4.744036146767532,4.099993380491014,-0.1867169822517348,-0.1434112351245677,1.3830206672400474
5.514956962499265,4.732581903238427,4.210853196232137,-0.18692846256965054,-0.1429394445738477,1.3884944971267223
5.5000269823566645,4.721166382866829,4.3221522928685046,-0.18662475178250398,-0.14245352668595582,1.393897215766435
5.485128755694633,4.7097900003369615,4.43387761861432,-0.18622783327540185,-0.14196289884472243,1.399131418602629
5.470266259822375,4.698453042849846,4.54601474728214,-0.18578119840322427,-0.14146893171075745,1.4041824601767507
5.4554430126387565,4.687155750753366,4.658548728463865,-0.18529058979522517,-0.14097218632789946,1.409044156848225
5.451889223363627,4.676066220033,4.773099864415762,-0.0444223659391283,-0.13914907392373121,1.4262929297518567
5.435835395264326,4.664706100655878,4.884912085354793,-0.20067285124125264,-0.1416785250185811,1.4007009292525407
5.412259420579824,4.653284476738958,4.996123393466432,-0.29469968355627635,-0.14193693306305047,1.3985300942712238
5.384503663236933,4.641933104247676,5.108080887394872,-0.34694696678613035,-0.14075826318889567,1.4107636555851004
5.36356942076901,4.630870959454778,5.22278404235695,-0.2616780308490448,-0.13757796331731054,1.4401077287962065
5.336654392642547,4.619827615872945,5.337672874168866,-0.33643785158078365,-0.13691430095856494,1.4465154915049188
5.328833112549655,4.609267996611867,5.456809508294628,-0.09776600116114476,-0.13219657027083948,1.486584942221166
5.309138154435841,4.5984895273394315,5.573898157144066,-0.24618697642267454,-0.1340847157136451,1.4688214843466514
5.2830641067053765,4.587713284333683,5.690965387386356,-0.3259255966308095,-0.13359218454208535,1.4727970400841912
5.263436000840278,4.577220531775023,5.810380990300444,-0.24535132331374068,-0.13048249965792397,1.4977130113470307
5.252337778408673,4.566974815354674,5.931708370491389,-0.13872778039505304,-0.12800726207279722,1.5160336584504857
5.23303248659983,4.556606558203601,6.051873846762945,-0.24131614761053383,-0.12893492134967696,1.5067095050921968
5.20861197517632,4.546262054969073,6.172126384809206,-0.3052563927938809,-0.1282504539179125,1.5110279008407095
5.201696518105731,4.536376519955391,6.295835828236689,-0.08644321338236326,-0.12379821964074093,1.5431873520302577
5.180280704928437,4.526215952142329,6.417196681319365,-0.267697664716176,-0.12615246504573177,1.5227490475159091
5.161505760966491,4.516237101384276,6.539796253842853,-0.23468679952432864,-0.12405987403144952,1.5364919266243706
5.151572194961745,4.506514611232516,6.664116122495339,-0.12416957505931377,-0.12151467002156871,1.552575136019167
5.134238911461187,4.4966713414025055,6.787297687048121,-0.2166660437569795,-0.12246050932372846,1.542729462032882
5.127610744324619,4.487100808834691,6.912248409074487,-0.08285208920711148,-0.11986310187786381,1.5584418588039815
5.107439070408323,4.477266499792974,7.034999959999924,-0.25214592395369106,-0.12212688397298933,1.5389169258726583
5.089573679718019,4.467600450072934,7.15874346377699,-0.22331738362879897,-0.12018306041336371,1.5498573866885046
5.08036826856018,4.458184738099904,7.283992592393199,-0.11506763947299094,-0.11771310299567676,1.5636019672940986
5.064200648011329,4.448648355670611,7.408097359866621,-0.20209525686064475,-0.1186811663286565,1.5532341450144933
5.055278270436666,4.439319593235337,7.53334898371773,-0.11152971968327319,-0.11664197022959057,1.5633920343678638
5.039455685342947,4.429868195867831,7.657435706411341,-0.19778231367149096,-0.11763686648983636,1.5526730697494844
5.03076177844871,4.420620008386521,7.782591220851169,-0.10867383617796396,-0.11564679172292797,1.561982641625649
5.015258745682493,4.4112483595776455,7.906569524367638,-0.19378790957771697,-0.116656793445593,1.5510021349610885
5.009787456710608,4.402127262915878,8.031886826489789,-0.06839111214856261,-0.11430832956607108,1.5621724995241382
4.9916477925593385,4.392742128734244,8.155073854451766,-0.2267458018908685,-0.11661640009477164,1.5424488538130887
4.986236193048414,4.383688419082789,8.280097075407648,-0.0676449938865592,-0.11346645510752419,1.5584052296481086
4.968376234356267,4.374373638139301,8.403018957486838,-0.22324948365183186,-0.11575094117452886,1.5388259335587213
4.963148744746289,4.365387065404628,8.527698804650132,-0.06534362012472127,-0.11263781838986102,1.5539575062578896
4.945606144287813,4.356139361361583,8.650285092925312,-0.21928250573094574,-0.11493001718043863,1.5343063506088002
4.940559887941239,4.347215299522698,8.774544922328774,-0.0630782043321774,-0.1118671284449647,1.5485541340344458
4.923320761956581,4.338029906009393,8.896717338396618,-0.21548907480822307,-0.11416828460277437,1.5288207256542654
4.918451459610864,4.329163751900989,9.020482693172418,-0.06086627932145934,-0.11115397913654586,1.5422230049443533
4.901501410607363,4.3200359545687705,9.142165404055493,-0.21187561254377024,-0.11346501505869458,1.5223994058504464
4.896804163730343,4.311223172927289,9.265364157860143,-0.05871558596274518,-0.11049746117380586,1.5349934010795914
4.894155582032646,4.3023915400670685,9.38797950749636,-0.03310727122121908,-0.110902116315532,1.526567313400102
4.877992130101663,4.293245278586482,9.5081579763952,-0.2020431491372833,-0.11376157364057468,1.5029408520164924
4.873267648242601,4.284388786000872,9.629654630755681,-0.05905602323826851,-0.11104443353840808,1.513533979019767
4.856452318452571,4.275268639320425,9.749039542207175,-0.2101916223753797,-0.11337941103820771,1.4932190403795191
4.851846073275678,4.266461151949469,9.869837598494472,-0.05757806471116184,-0.11043840522831716,1.5046848970094873
4.835276018460028,4.257390707744819,9.988535286615413,-0.20712568519563435,-0.11277233065561289,1.4843589782579116
4.830830638330975,4.248629586448978,10.108577840067879,-0.05556725161315861,-0.10986906249227571,1.495104474623831
4.814510950181749,4.239605017412107,10.226523558293374,-0.20399610186533676,-0.1122140364843681,1.4746905372670291
4.810221381548693,4.230886054492088,10.34574557301221,-0.05361960791318967,-0.10935220667958295,1.4847140057493757
4.805185693780748,4.222095522353874,10.463995731763365,-0.06294609709931559,-0.11019011405599433,1.4728210336995031
4.792251310249044,4.21311835353261,10.580586300586686,-0.16167979414630965,-0.11189228323292533,1.4558368820930676
4.785274590368712,4.2042967858371005,10.697527479906267,-0.08720899850414557,-0.11042095075618459,1.4572916099197517
4.77183716218938,4.19533850339123,10.813099847476453,-0.16796785224165825,-0.11161329141054198,1.4432336256590539
4.764927696537795,4.186552876118725,10.929090971032043,-0.08636832064481849,-0.10997454793457499,1.4453077852603067
4.762182649682456,4.1778147728465465,11.044761771020294,-0.03431308569172929,-0.1097197962595829,1.4392836512826448
4.74656019651619,4.168774095471303,11.158086085443646,-0.19528066457833076,-0.11247391972446921,1.415968612348075
4.742383906676554,4.160018958000359,11.272436632224885,-0.052203622995453225,-0.10981601143126302,1.4233661990338633
4.7298918694945815,4.151058982550693,11.385000330350037,-0.15615046477465352,-0.11171175524016513,1.4048261536468278
4.7231377820266385,4.1422452417392615,11.497764348641182,-0.08442609334928364,-0.11034080053836585,1.4046178607463555
4.720444876942105,4.133474728786279,11.610132450952198,-0.03366131355666173,-0.1101310499373614,1.3977432673768095
4.704809183202364,4.124399916224648,11.720136165503932,-0.19544617174675546,-0.11290328941245192,1.374085536266914
4.700639732026802,4.115610220689804,11.831081696316506,-0.05211813969453742,-0.11025072167158004,1.3805545685047533
4.6845579791782335,4.1065529149765245,11.939878035212812,-0.20102191060710572,-0.11264628391479987,1.3590632218607852
4.680478999026583,4.097796569469747,12.04966057350946,-0.05098725189563399,-0.10983919026214774,1.3659260997245861
4.675692167124737,4.08896618931348,12.158353503868657,-0.059835398773080875,-0.11071123818340056,1.3525205267040463
4.662927784309823,4.079944465208122,12.265304803669151,-0.1595547851864176,-0.11246743616208682,1.3342471164224816
4.656149059228689,4.071075621474224,12.372389077442811,-0.08473406351417483,-0.11103159831555132,1.333201959723876
4.642839718608545,4.062066003577686,12.47800673914672,-0.16636675775179896,-0.11227058212445365,1.3177027907680385
4.636102611538381,4.053226970570705,12.583822040171471,-0.0842138383770411,-0.11066019646565425,1.317253398013413
4.633538857636698,4.044432489727203,12.689148398206024,-0.032046923771030494,-0.1104425985621903,1.309284015620109
4.6180253950917525,4.035332015067593,12.792113075468746,-0.1939182818118269,-0.11323679386669054,1.2852958074785032
4.613981266664454,4.026514343347296,12.89582710276849,-0.0505516053412261,-0.11061244538545832,1.2896911346777056
4.598005488594168,4.0174271501226935,12.997383595105982,-0.19969722587857378,-0.11303182143486229,1.26775875558882
4.594037947466958,4.008638719833552,13.0997291532368,-0.04959426409013013,-0.11025140314316681,1.2725095872790628
4.589381882869893,3.9997748245097022,13.200918548118056,-0.058200807463312035,-0.11114303878820057,1.2582477559380074
4.576694609367004,3.9907168717593926,13.300332618800637,-0.15859091878611156,-0.11293008435879455,1.239339935127607
4.570017195746154,3.981810430816119,13.39973552113989,-0.08346767026061619,-0.11151256969286698,1.2366663667221094
4.556760764994454,3.972760852661342,13.497624285503619,-0.16570538439625312,-0.11277837645365985,1.2203962587950838
4.550109902473616,3.9638808552940596,13.595562564893976,-0.08313578151047982,-0.11118228587212071,1.2182861971214913
4.547636811449902,3.9550437093418727,13.692905861152004,-0.030913637796425125,-0.11098570264245745,1.2091205684833801
4.532161724955242,3.9458986344373086,13.787904715283098,-0.19343858118324211,-0.11380227187599527,1.1849663037027
4.528181526208374,3.9370350438920556,13.88346213056652,-0.049752484335853324,-0.11119448349346031,1.187332549471323
4.512221950154489,3.927900329883161,13.976870425157179,-0.19949470067356534,-0.11363243331881268,1.1651456142146897
4.5083072732484215,3.9190634328967975,14.07087255136968,-0.04893346132583451,-0.1108645477191538,1.1678311114945872
4.50371117315563,3.91015005363359,14.1636622509426,-0.057451251159890325,-0.1117696257933659,1.1528472044318927
4.48744694751129,3.9009787596001746,14.254370173754438,-0.2033028205542561,-0.11406914569198211,1.1312816847542262
4.483494438615251,3.8921129485578136,14.345652076807466,-0.04940636120048731,-0.11122463914667502,1.1337321881333555
4.467613243709417,3.8829765457083565,14.434808175389625,-0.19851493632292933,-0.11366007303007584,1.1115994604762052
4.463781387325431,3.874136928686294,14.524451445167058,-0.0478982047998285,-0.11090549508563419,1.11317441753829
4.459284821976248,3.865220007470221,14.612858962480182,-0.05620706686479318,-0.11182224119121655,1.0978833112693531
4.446680347905919,3.856105510085513,14.6994745535955,-0.15755592587911546,-0.11364906890201205,1.0783875219084247
4.440124172118836,3.84714090241855,14.785864127676769,-0.0819521973385371,-0.11225369826641866,1.0733323476000391
4.426918933350734,3.838030065451412,14.870697123103822,-0.16506548460126472,-0.11355434629404483,1.056215897754163
4.420369341517946,3.8290876505123372,14.955356511046922,-0.08186989790984232,-0.11197524808233802,1.0516530237379063
4.418002597409243,3.8201858783925826,15.039273052635869,-0.029584301358784256,-0.11180572335664653,1.0408640099694613
4.402556537859515,3.8109737009351625,15.120914451628899,-0.19307574437160283,-0.11465069471996081,1.0169096993218756
4.398649100210106,3.8020414969620013,15.202818521714777,-0.0488429706176138,-0.11206223500635765,1.0161917174554176
4.39401363715069,3.7930310553907445,15.283447545490397,-0.05794328824270585,-0.11298577321022585,1.0004195930871256
4.381165019734231,3.7838227495431997,15.362287241645953,-0.1606077177057247,-0.11481103578627402,0.9807695303168137
4.374456330687924,3.774767161598065,15.440805128611098,-0.08385861307884401,-0.11338501233264393,0.9746613394993731
4.361006461728048,3.765565219088105,15.517755678438682,-0.1681233619984441,-0.11468246445353428,0.9572525657881574
4.354307842948766,3.7565345800941055,15.594430357369761,-0.08373273474102123,-0.11307220032327886,0.9515770989534134
4.348906711595804,3.747495805269214,15.67009464935206,-0.06751414191203002,-0.11327964645290972,0.9384826466447402
4.335833071365475,3.738278097343225,15.744062241219622,-0.1634205028791087,-0.11491137034608542,0.9196589975441468
4.329151445716387,3.7292202037765922,15.817664901284319,-0.0835203206136112,-0.11341618737730447,0.9130653247467153
4.31575201024666,3.7200160016001997,15.889706359557458,-0.16749294337158765,-0.11471499618678735,0.8955834146123974
4.309115733855326,3.710982589936394,15.96139460279103,-0.08295345489167905,-0.11311211095785777,0.8890853801074466
4.306662157730137,3.7019895836043077,16.032227819644955,-0.03066970156486615,-0.11294393177390061,0.8771143857805463
4.291009560549765,3.6926855139664356,16.10088529194989,-0.19565746475464518,-0.1157927527156514,0.853769170744619
4.287021483418923,3.683663761692597,16.16955597401298,-0.049850964135524006,-0.11318035817917936,0.8505047395037377
4.270855153172642,3.6743677546660543,16.23620967386618,-0.2020791280785124,-0.11564989722755523,0.8287499273718018
4.266917201782044,3.665370839929326,16.302891467891193,-0.04922439238247085,-0.11287248782850642,0.8256254636493227
4.262284881659196,3.6562960876376,16.36826438442034,-0.05790400153560049,-0.11379387796312056,0.8093903151924075
4.249374290180632,3.647022165478349,16.431899318546545,-0.16138239348204633,-0.11563261102273939,0.7898878885219938
4.242665032410642,3.637901435006267,16.49500476969113,-0.08386572212487473,-0.11420383053952078,0.7815669177576996
4.225476218933613,3.62856976943574,16.556349641367103,-0.21486016846285466,-0.11601775463428002,0.7623285813303856
4.221529303768995,3.6195672272027273,16.617711857186947,-0.049336439557719214,-0.11294243668911015,0.7590807352845548
4.21693436080706,3.610487705863262,16.67776333966205,-0.05743678702419231,-0.1138568049649663,0.7428000933112898
4.204060920149603,3.6012085284802784,16.73610489854608,-0.1609180082182158,-0.1157017875313136,0.7234596051067856
4.197395237897421,3.592082051959509,16.79384621320334,-0.08332102815227327,-0.11427957402440887,0.7143998260659279
4.1839094346091095,3.582806959988846,16.850048989583495,-0.16857254110389364,-0.11560122045115338,0.696786543120274
4.177242045218225,3.5737031711197065,16.905679609280998,-0.08334236738605381,-0.11399425532806037,0.6879966531911214
4.1747550813777705,3.564639093669104,16.960338788368432,-0.031087048005681774,-0.11383333288134805,0.6748594566636087
4.15898021161112,3.5552631185144103,17.012990507665148,-0.19718587208313132,-0.11668964613641271,0.6527546529310679
4.152023507706426,3.5461204535576054,17.065203895283144,-0.08695879880867292,-0.11445959684125927,0.645273617209216
4.1384610626009914,3.5368364570708684,17.115918497192062,-0.16953056381792944,-0.11570726753689757,0.6279512451823974
4.13181515187465,3.527726254660306,17.165994773479476,-0.08307388407926433,-0.11407660781648497,0.6184801678879297
4.1293620944094425,3.5186555964495607,17.215065551723203,-0.03066321831509913,-0.11391867472451514,0.605018554064345
4.1136151671492405,3.5092725444106785,17.26219796774755,-0.1968365907525286,-0.11678111005263409,0.5834580600950889
4.109618915900444,3.5001722949013563,17.3089276061992,-0.04995314060995539,-0.11416551283478843,0.5760674974886953
4.0933460430684345,3.490796351240973,17.35384239751481,-0.20341091040011525,-0.11664949857988278,0.5557336811426626
4.089392851638329,3.4817201442338406,17.398351772165878,-0.049414892876321254,-0.11386706149886797,0.5483261984632777
4.084737444774173,3.4725654710132194,17.441543580634868,-0.058192585801953745,-0.11479588949156654,0.5319409867144925
4.0681020696515,3.46314847937994,17.482984753900283,-0.2079421890334065,-0.11713830678836307,0.5121892603764815
4.06407443516237,3.4540397595334147,17.52397505433755,-0.05034543111413328,-0.11426935127521079,0.5043402318801863
4.047798795509795,3.444656244183696,17.563217648460757,-0.20344549565718842,-0.11674476918685735,0.4845355310907598
4.04386668802926,3.435572686262119,17.601945272978348,-0.04915134350669535,-0.11396107963895348,0.47606745543599316
4.039237317060881,3.426410410305227,17.63936158508509,-0.05786713710473931,-0.11489347790064308,0.45974773154234344
4.026227848289837,3.4170470133198436,17.675213556751938,-0.16261835963805335,-0.11675178535631522,0.44145511902973694
4.019500362904067,3.40783756915134,17.710202423851996,-0.08409356732212708,-0.1153174558231004,0.4297145191435883
4.005865273725107,3.398478398125674,17.743743553027112,-0.17043861473699895,-0.11664862350061293,0.41259114789107865
3.9991312135265344,3.3892920235762594,17.776430285522782,-0.08417575248215091,-0.11502695919502127,0.4009422184096716
3.993693418080189,3.380096014643471,17.8079323636153,-0.06797244307931953,-0.11525222059169332,0.38594149140005524
3.9804049690272443,3.3707179966192795,17.837950481918288,-0.16610561316181394,-0.1169137210843394,0.3683775138710385
3.9736568114247683,3.3615016657551506,17.867054541062505,-0.08435197003095232,-0.1154023557745066,0.3561339312254472
3.9600208851519585,3.3521361755506187,17.894745433003237,-0.1704490784101264,-0.11672817515761491,0.3392631395994532
3.953303623671286,3.3429436512088158,17.9215135860878,-0.08396576850840477,-0.11510560864904748,0.32694096082112994
3.950766732540501,3.3337901538369814,17.94715914651789,-0.03171113913481501,-0.11495165019469748,0.31245120321785963
3.9348272431731495,3.324323799182262,17.971184614618718,-0.19924361709189928,-0.1178161845742818,0.2935487781833988
3.927817920309685,3.315092489350694,17.99432665332254,-0.08761653579330717,-0.11556967805391778,0.2816248328951454
3.914100505467601,3.3057183079277475,18.016099733116857,-0.17146768552605623,-0.11683118110216993,0.2651120584329428
3.9073870792204004,3.2965194195706657,18.0368858600981,-0.08391782809000693,-0.11518590762722708,0.25216545699413706
3.904863614148049,3.287359574941223,18.056526791321474,-0.03154331340439362,-0.11503239375422443,0.2375061139445623
3.8889305684636493,3.27788661708222,18.07463994399183,-0.1991630710550013,-0.11789996038394276,0.21940550537217215
3.884867410286922,3.268698381732065,18.091833173200595,-0.05078947720909238,-0.11526502604562922,0.20706579656499133
3.868405411872496,3.2592333934542945,18.107570796301136,-0.20577498018032522,-0.11775746254344065,0.1896622473072511
3.861450853837566,3.250020197030191,18.12231865299511,-0.08693197543662794,-0.11534638523372008,0.17671646474362646
3.8588735955490954,3.240852152639508,18.135905554673705,-0.032215728605882364,-0.1151309809700323,0.16196544151474185
3.8429178499414673,3.231372225506884,18.148061857612525,-0.19944682009535322,-0.11798603961156946,0.1447222583498865
3.838862733182552,3.22217764203201,18.159197460027915,-0.050688959486448346,-0.11534538708486683,0.1314439142839828
3.8224022236265474,3.212706110335897,18.16896260066188,-0.205756369450061,-0.1178401074144215,0.11477378434533474
3.8183883720321377,3.2035361458734535,18.177675911646983,-0.05017314493012188,-0.11503955627323927,0.1012206915381665
3.8136547430359387,3.1942873966983147,18.18515160567589,-0.059170362452490514,-0.11597120280149248,0.08576321796437263
3.7968147160863883,3.1847753004693,18.191311676232093,-0.21050033686938366,-0.11832165080570646,0.06957606023665427
3.7927183653853933,3.175573637490392,18.19635880254048,-0.051204383762436384,-0.11543097496112849,0.055455171246108124
3.7762395854088155,3.166095945722348,18.200124347284785,-0.20598474970722883,-0.11791634912613387,0.03956245321670778
3.7722322801747654,3.1569203017463727,18.202734397275158,-0.05009131542562539,-0.11511140193669428,0.025053608887585135
3.7558882447830775,3.1474682428485052,18.204100883120457,-0.20430044239610437,-0.11760377001628605,0.009501283699925245
3.751956476597648,3.138316195764226,18.204272467606724,-0.04914710231787086,-0.11482116825458279,-0.00536262697261049
3.7473225514663127,3.1290847578918113,18.20324270157268,-0.05792406414169327,-0.1157617706204088,-0.020385398422622828
3.7306112968354443,3.1195892037043724,18.201020372019208,-0.20889068288585855,-0.118123202474015,-0.03549307498475591
3.7265904261545826,3.110401968430234,18.197539636231568,-0.050260883510772104,-0.11525586563760856,-0.050943086645816656
3.7102241950076698,3.1009383673056967,18.192907086106423,-0.20457788933641427,-0.11774757373612163,-0.06567933042036336
3.7062885256001312,3.091775041342273,18.186979807031292,-0.049195867594235165,-0.11496248457153621,-0.08145232289881937
3.7016494649550804,3.0825322585043726,18.179878870776083,-0.05798825806313476,-0.11590384392054184,-0.09614141392840168
3.6885391841778548,3.0730867952783507,18.171652225430996,-0.16387850971532253,-0.11777751378813493,-0.11057683083301079
3.6817847634267675,3.06379609098006,18.162138811550303,-0.08443025938859487,-0.11633663554340135,-0.1263451731717708
3.6643408364113026,3.054291207430535,18.15152987016503,-0.2180490876933183,-0.11818280915415878,-0.14062510390927294
3.660355846932446,3.045117158610014,18.13950852120021,-0.04981236848570779,-0.11509316560770255,-0.1574672085777107
3.6556982710154684,3.0358647180373577,18.126343257939844,-0.0582196989622197,-0.11602365468998488,-0.17179510882596546
3.6425673039634052,3.0264097777446417,18.112124698514823,-0.16413708815079245,-0.1178952500462213,-0.185551288264754
3.6358063739494653,3.0171099015472578,18.096571465504972,-0.08451162517425062,-0.11645139073441806,-0.20174155224143964
3.6220408111615394,3.0076586616379712,18.07994702246874,-0.17206953484907725,-0.11779826256586809,-0.21569734377864638
3.6152660909867147,2.998381375512368,18.06195282727827,-0.08468400218531306,-0.11616636611342836,-0.2322020292229707
3.6097848605934395,2.989093816576268,18.04277399738402,-0.0685153799159407,-0.11639888228835353,-0.2468753970670935
3.5963508111605376,2.9796228150103556,18.022595028858944,-0.16792561791127775,-0.11807353656560188,-0.2601446136967517
3.589546098526496,2.970314869841468,18.001026759591067,-0.08505890792552072,-0.11654930697903224,-0.2768149614819977
3.5757549984263783,2.9608563849945164,17.978444902673697,-0.1723887512514756,-0.11788751887974447,-0.2902353648882031
3.5689746085903944,2.951572360154658,17.954442686732364,-0.08475487294980069,-0.11625060866828667,-0.3071784673550742
3.566371878805012,2.9423267664175494,17.929204174155842,-0.03253412231728228,-0.116102212220166,-0.3221173990481041
3.5502475991820175,2.932767538001261,17.903223436386398,-0.2015534952874387,-0.11897268652339868,-0.33306997671189614
3.5431728216026745,2.9234453663728055,17.87569325754405,-0.08843471974178754,-0.11670655852189343,-0.3512400012228617
3.529284596604532,2.9139789136863916,17.847200164233747,-0.17360281247678602,-0.11798020639652697,-0.36418974110177854
3.522490648656612,2.9046894252367426,17.817235468475296,-0.08492434934900556,-0.1163181942486275,-0.3815703611598146
3.5198824760207343,2.895438599241981,17.786033288198954,-0.03260215794846915,-0.1161674407798375,-0.3964079668265769
3.503745762357072,2.885874112734523,17.7542062418558,-0.20170892079578426,-0.11903801047177724,-0.4062533610316346
3.496668070428913,2.8765468679976944,17.720762812877084,-0.0884711491019912,-0.11677009226204844,-0.4250120979609482
3.4827692664632854,2.8670752248909728,17.686417710613426,-0.17373504957034963,-0.118044766968655,-0.4373765304202505
3.475971655174395,2.8577806826755374,17.650555996601387,-0.08497014111113142,-0.11638141985630053,-0.4551271086328391
3.4622527194743613,2.848336676628955,17.61382860828069,-0.1714866962504246,-0.11771082224337702,-0.4671257876705099
3.4555446514768753,2.839066518504686,17.575577641420132,-0.08385084996857807,-0.11608211128791224,-0.48490653262133815
3.453020014002167,2.8298341552877284,17.536096266814354,-0.03155796843385461,-0.115942425713452,-0.499498947284526
3.4369959362345903,2.8202875090534056,17.49615695372128,-0.20030097209471134,-0.11882194036346938,-0.507741341711987
3.42998617944665,2.8109763424975935,17.454521273199685,-0.08762195984925457,-0.11657342182988224,-0.5271720031689202
3.4161779333027833,2.801520385514284,17.41207383320979,-0.1726030767983394,-0.11785430778488798,-0.5386516630721437
3.4094486487763955,2.792240327539241,17.368058310531794,-0.08411605657984902,-0.11620483870824244,-0.5567892381772854
3.4069082863583358,2.7829982852323796,17.322817420088402,-0.03175453022574579,-0.11606263597871201,-0.5712058164503718
3.390855923041226,2.773441987755495,17.277239093260558,-0.20065454146387918,-0.11894140626860092,-0.5782915014225813
3.386768786278464,2.7641711860506337,17.22977877729955,-0.05108920953452389,-0.11629987649829288,-0.5991626253377165
3.3701766546686134,2.7546223428141174,17.18192878523291,-0.20740164512314116,-0.11880475843256777,-0.6068248993257884
3.3631909586677358,2.7453264083804414,17.132257943481587,-0.08732120001097327,-0.1163838862835265,-0.6273457703315787
3.360573934847818,2.7360746173375903,17.08135263321638,-0.032712797748973975,-0.11617884363468366,-0.6417248310811225
3.3444713449772565,2.7265100081361875,17.030227353803497,-0.20128237338201943,-0.11904225121032631,-0.6476784178934673
3.340372603315479,2.7172319680038064,16.977146967649944,-0.051234270772221334,-0.1163898367820815,-0.6691458690781568
3.3237574951526874,2.707675857065666,16.9237870759158,-0.20768885203489923,-0.11889460695702082,-0.6757487471906107
3.3167618447532132,2.698372978890966,16.868547547103624,-0.08744562999342856,-0.11647036918460676,-0.6967545068897238
3.3141336064617932,2.6891142461033333,16.812082711037704,-0.03285297864274895,-0.1162650642821825,-0.7109069015463618
3.2980085199600744,2.679542675715518,16.75551994462021,-0.20156358127149177,-0.11912825705170318,-0.7156726720574824
3.2938998660754124,2.6702579802210256,16.69693499492124,-0.05135817355827779,-0.11647261127690157,-0.7376721354055252
3.2772629475396773,2.660695153393027,16.638181691436547,-0.20796148169669157,-0.11897758913641458,-0.7431977677585666
3.2731916753644232,2.6514355112502854,16.57733064454465,-0.05089090219067689,-0.11616102172946206,-0.7658734942179148
3.268382608858643,2.642096764504847,16.51568756739516,-0.060113331322255104,-0.11709547503982974,-0.7759164910945137
3.251348235340874,2.6324937702820503,16.4538960694653,-0.21292966897211793,-0.11945289204805734,-0.7813068595464502
3.24718665938218,2.6232031857586047,16.389927878684258,-0.052019699483674665,-0.11654232780050564,-0.8046820629579006
3.2305150597906254,2.6136354473332064,16.325899217580226,-0.20839499489443786,-0.11903679952160051,-0.8091561811029818
3.2264360947253214,2.604371660666066,16.259705640599954,-0.050987063316300374,-0.11621244660117691,-0.8323571629362606
3.2098943451473527,2.5948304290982795,16.19349440894199,-0.206771869724613,-0.11871273974763923,-0.8363886618005931
3.2029540906926477,2.585541568157843,16.12529052412885,-0.08675318068381598,-0.11629860991626438,-0.8582502252880599
3.2003885160275054,2.576296468845407,16.055898153220653,-0.03206968331428035,-0.11609898186737708,-0.8716845369251367
3.184348587752908,2.5667380776297577,15.986699997505761,-0.20049910343246816,-0.1189687898862107,-0.873551314413455
3.1802913671780075,2.5574652518171166,15.91535025073788,-0.05071525718625728,-0.11632768407568318,-0.8964909666107302
3.1637317151827076,2.5479140659879316,15.844098139369844,-0.2069956499412551,-0.11883687065153783,-0.899383382305105
3.159708060836028,2.5386648906063525,15.770611888824089,-0.050295679333494304,-0.11603340859934624,-0.9230634518756676
3.154956733261367,2.5293362586026995,15.69646230471339,-0.05939159468326461,-0.11697304819875305,-0.931522321872908
3.1379972155150195,2.5197429372917304,15.622422775765978,-0.21199397182934765,-0.11933677493718309,-0.9343516841192308
3.1338789476691686,2.510460799972201,15.54606979296993,-0.05147834807313743,-0.1164397217213964,-0.9587291635553552
3.1172726963966437,2.5009013260200303,15.46992175538542,-0.20757814090656443,-0.11893772257480686,-0.9605574874480814
3.1132349323946533,2.4916447796004166,15.391482447321646,-0.0504720500248833,-0.11612483231071083,-0.9846548482741133
3.1084672081415023,2.4823088574779235,15.312435191021594,-0.059596553164388735,-0.11706329551233624,-0.9924332879335159
3.0914797588050087,2.4727082687326627,15.233606067331182,-0.21234311670617317,-0.11942624579421085,-0.9941870990136766
3.087348843690416,2.4634192681389897,15.152408648525928,-0.051636438932409504,-0.11652488874732644,-1.0189572139639216
3.070716873228837,2.453852884526725,15.071527575386973,-0.20789963076974494,-0.1190228400984824,-1.0196698009076837
3.0666665792984533,2.444589783432318,14.98830530388431,-0.050628674129792266,-0.11620613215336659,-1.0441102066691532
3.0618835289233135,2.4352473655290323,14.904531981579883,-0.05978812968924988,-0.11714365271777814,-1.0511892416621904
3.048520176507302,2.425702085702975,14.8207984128325,-0.16704190520014925,-0.11901484819907537,-1.0539780915313381
3.0416215472793056,2.416314527393423,14.735383572550809,-0.08623286534995468,-0.11754241573257715,-1.072399879083228
3.023897474842402,2.4067121915326917,14.65008755078483,-0.22155090546129855,-0.11939023951225833,-1.0752270760816365
3.0197993624948563,2.397444146934279,14.56225316134551,-0.051226404344323455,-0.11626437934313581,-1.1014354449090276
3.0032604229973483,2.3878992784121817,14.474882312983222,-0.20673674371885203,-0.11875883202102232,-1.1006323509501181
2.9992693377730024,2.3786565363770107,14.385125213882342,-0.04988856530432394,-0.11595523771662523,-1.1252957835640462
2.9945591224092083,2.369334118067454,14.294900541178444,-0.05887769204743036,-0.11689829080798388,-1.13133942722389
2.977649969622029,2.3597466482001104,14.205149365975005,-0.21136440983974744,-0.11926693597582168,-1.1304878738900803
2.973562787623498,2.3504695494902,14.112938157411236,-0.051089774981639344,-0.11637894009341497,-1.1557882365653667
2.957000307587161,2.3409149327117107,14.021303542133465,-0.20703100045421793,-0.11887991936807832,-1.1538326140669843
2.9529920933705363,2.3316625693820887,13.927245633445157,-0.05010267770780806,-0.11607467359238943,-1.1787059504538095
2.948260190363943,2.322330592491339,13.83277978983753,-0.059148787582413334,-0.11701660370358737,-1.1840155866850741
2.9349582047307887,2.3127953028767747,13.738571844148163,-0.16627482041443614,-0.11889384724289784,-1.1844686912699494
2.9281050441393326,2.303416888516117,13.642691010260114,-0.08566450739320089,-0.11743111103817967,-1.2024855704036659
2.910443715606597,2.293823434721177,13.547151632255675,-0.22076660665920053,-0.1192831158045866,-1.2030208275416683
2.9063809552253943,2.284563260613875,13.44898598938899,-0.05078450476503569,-0.11616838242276945,-1.2297125986438995
2.901619487536193,2.275224527043608,13.350467577298486,-0.05951834611502029,-0.11709910196046723,-1.23433121269989
2.888288140312469,2.2656828438546746,13.25229552115308,-0.16664184029655166,-0.11897206788255493,-1.233834197954969
2.881418480721868,2.2562984943306708,13.15245433499422,-0.08587074488250937,-0.11750439119797805,-1.2516781394161722
2.8637305323229305,2.2466991336878426,13.05304686452235,-0.2210993549867251,-0.11935554661896587,-1.2512599402361664
2.859655525354705,2.2374334600497043,12.950978957194957,-0.05093758710281651,-0.11623645679880251,-1.2781276126755339
2.843148437352414,2.227890820056583,12.84973615025153,-0.20633860002864002,-0.11873324328503077,-1.2735722994402747
2.8391798249775015,2.2186497925047495,12.746018378105347,-0.04960765468640682,-0.11593551036475752,-1.298565677103289
2.8344966332093975,2.2093288917866003,12.642040932273565,-0.05853989710130138,-0.11688138727712022,-1.3020379804490325
2.8212543858839196,2.199804271909957,12.538536104527587,-0.16552809156847395,-0.1187641629274767,-1.3001490424206306
2.8144449789316397,2.1904357144040536,12.433389143726394,-0.08511758690350303,-0.11731071313599575,-1.3175203528916124
2.7968451394650957,2.180851884794697,12.328801697327714,-0.2199979933318029,-0.11916653461384055,-1.3157569129677975
2.792816471472911,2.1716003623389635,12.221535002260582,-0.05035834990230825,-0.11606247786490005,-1.3425774887911843
2.7880976144358605,2.1622700596788986,12.114064789026393,-0.05898571296313587,-0.1169966177021948,-1.3453444929888283
2.774818013436515,2.152736442013523,12.00715349333546,-0.16599501249182183,-0.11887455404339019,-1.3425133929019977
2.7679866295635853,2.1433594352126804,11.898611521774043,-0.08539229841161874,-0.1174151532326574,-1.3596296525426395
2.7503516958694885,2.133767199893169,11.790719003973908,-0.22043667117621646,-0.11926982322549483,-1.3569175160677815
2.7463063911266214,2.124507781546008,11.680125748882402,-0.05056630928583683,-0.11616028966493215,-1.3837863433888427
2.7415664119306227,2.1151696545989656,11.569391575939772,-0.059249739949983234,-0.11709319573986801,-1.3857801257415945
2.728256519500451,2.1056283113225396,11.459303179958358,-0.16637365537714963,-0.11896947989876654,-1.3819941434400393
2.721405227654606,2.0962439786327978,11.3476000988319,-0.08564114807306436,-0.11750564003985128,-1.3988081374811825
2.7037380612413053,2.086644449680736,11.23663503542651,-0.22083958016626284,-0.11935930837983554,-1.3951522986604479
2.699677291544512,2.0773782158001985,11.122954015591715,-0.05075962120991741,-0.11624463028679442,-1.4220068643394248
2.6949177478257997,2.0680333454223554,11.009195028732499,-0.05949429648390373,-0.11717632463700234,-1.4232224748767603
2.681580036576609,2.0584853547567987,10.896167219531323,-0.16672139061488608,-0.11905102041044044,-1.4184899404809914
2.6747103968871406,2.0490947500533756,10.781544500019642,-0.08587049611835743,-0.11758300672136338,-1.4349621795611966
2.6607358642675885,2.03955206200114,10.667347086446611,-0.17468165774440364,-0.11893394325128036,-1.4333475411127838
2.6538525562484336,2.0301856651481858,10.551444688263848,-0.0860413502394378,-0.11727767657542144,-1.4508369260522442
2.636250211731013,2.0206061216688895,10.436383039014821,-0.22002930646776317,-0.11911225813191896,-1.446027315078657
2.632240598241772,2.0113594199621794,10.318612235374466,-0.05012016861551536,-0.11600347263227807,-1.472578480430967
2.6275466011506143,2.002033832096074,10.200852655867294,-0.058674963639471125,-0.11693938895786059,-1.4726787843951912
2.6142956878027004,1.9925046903263406,10.083940008080663,-0.1656364168489294,-0.11882043878893353,-1.466620489889746
2.607486675289152,1.9831317779135622,9.96548237317207,-0.08511265641935899,-0.11736547578069526,-1.4823802343089894
2.5898810401060004,1.9735434811115242,9.847965285080926,-0.22007043978939697,-0.11922244070122932,-1.4764906807371352
2.585853309030946,1.9642875397146489,9.727743708659485,-0.05034663843818489,-0.11611803847503362,-1.5028328664108044
2.581135315026537,1.9549527680735124,9.607596688964955,-0.058974925055110365,-0.11705281007174112,-1.502149947874249
2.5678499760416003,1.9454145541751497,9.48837810981481,-0.16606673731171104,-0.11893199845621383,-1.49517235513381
2.5610180808564658,1.936033013529364,9.367641707194213,-0.08539868981418494,-0.11747209270785947,-1.5105146176866333
2.5433756737713322,1.926436130193566,9.247928401508762,-0.22053008856417225,-0.11932787941783009,-1.503715778250593
2.5393300725338537,1.917172135752496,9.125514708274203,-0.05057001546848515,-0.1162177246977192,-1.5298540657565676
2.5345894046818516,1.9078293918315476,9.003238609292241,-0.0592583481500296,-0.11715112303141133,-1.528390615746231
2.5212721796704747,1.8982833228389295,8.88197027406449,-0.16646531264221243,-0.1190284301687879,-1.5205099953038999
2.51441903513948,1.888894348738292,8.75921493247567,-0.08566430663743592,-0.1175638248155409,-1.5353976978515607
2.5004627430560427,1.8793531218442097,8.637135153989664,-0.17445365104296878,-0.11891697314613751,-1.530900256919132
2.49359444306725,1.86998792777193,8.513454315637896,-0.08585374985991352,-0.1172637545072986,-1.5468441127174015
2.4880128913320756,1.8606124789671779,8.389494317308879,-0.06976939668967887,-0.11749497875216951,-1.5495170273081582
2.47438031396546,1.8510529728243932,8.26648304249188,-0.170407217082702,-0.11917282372560968,-1.542166058013137
2.4674730028865968,1.841658760002169,8.141963647557583,-0.08634138848578837,-0.11762535916715587,-1.557112218592312
2.4534826794498836,1.8321132888404106,8.018183691881106,-0.17487904295891565,-0.11896776368905063,-1.5518611275124023
2.446598650960419,1.8227445048033193,7.892835248518839,-0.08605035611830561,-0.1173076216120106,-1.5673319276187123
2.4289920034578265,1.8131625205673096,7.7686770568973165,-0.22008309378241397,-0.11914271405968933,-1.55859285197755
2.4249831972609686,1.8039134437847162,7.641874599626771,-0.050110077460725634,-0.11603335944868617,-1.5837849918707956
2.4202901830837584,1.794585453674764,7.515359932631363,-0.05866267721512699,-0.11696963573966249,-1.5804456670074531
2.4070356903786196,1.785053817631689,7.3900319650039075,-0.16568115881423856,-0.11885157547767011,-1.570459024502084
2.4002267304710503,1.7756784643647574,7.263323398696107,-0.08511199884462005,-0.11739615584629574,-1.5839213790975328
2.3863293336314655,1.7661506113411476,7.137456305554399,-0.173717460494814,-0.11875311761837697,-1.5774492280161174
2.3795024604558823,1.7567980358593274,7.010093332074273,-0.08533591469479351,-0.11710846236901758,-1.5919811096620455
2.373965544788571,1.747434881379109,6.882589088512706,-0.06921144584139735,-0.11734408919089259,-1.5929078698927084
2.360389768733359,1.737887347029121,6.75620356384789,-0.16969720069015395,-0.11902648280948029,-1.5835329792327257
2.3535222068681594,1.7285043481611422,6.628421640412321,-0.08584452331499512,-0.1174875831472378,-1.597002370263972
2.339584564570905,1.7189698600717336,6.501540845740665,-0.1742205287156848,-0.11883353798189522,-1.5898095214824182
2.332737922469713,1.7096113673927675,6.373203857626631,-0.08558302626490404,-0.11718125536468749,-1.6037991955020587
2.327181177226274,1.7002424765485573,6.244781432383443,-0.0694593155429859,-0.11741457111191964,-1.6040218724344506
2.313578935923207,1.6906893277347022,6.117544568629756,-0.17002801628834321,-0.11909512592281035,-1.5938486835313945
2.3066939043478336,1.681301084561842,5.988956258082115,-0.08606289469216961,-0.11755210396409757,-1.6067240304105033
2.292731713005612,1.6717614287415372,5.861333383756467,-0.1745273917777743,-0.11889671180553449,-1.598756944024297
2.285868707241007,1.6623981075294492,5.732300230795303,-0.08578757205756993,-0.11724063773096761,-1.6121435287409192
2.2682918794430593,1.6528214799976224,5.604692233670271,-0.21971034747434867,-0.11907748112983617,-1.6006162585369994
2.26430012377883,1.6435773185553957,5.4745743314079025,-0.04989694580286982,-0.11597300648915669,-1.6239512739976594
2.2596286103880985,1.634254141394781,5.34495020331609,-0.058393917384142596,-0.11691090713059472,-1.6180402204193833
2.2463997703466068,1.624727126645998,5.216740774480016,-0.16536050051864865,-0.11879538961597978,-1.6052998884022986
2.239610159008817,1.6153560558192528,5.08732277248632,-0.08487014172237438,-0.11734387501753048,-1.6165434936249887
2.225736324686032,1.6058323325412134,4.958962878875462,-0.1734229290348141,-0.11870294659769687,-1.6074307339457867
2.218927395892705,1.596483579475023,4.829280134438294,-0.08511160991659013,-0.11706185184154556,-1.6197367429466085
2.213409858526934,1.5871240876010957,4.699651886785613,-0.0689692170721393,-0.11729962224540348,-1.6182036723626008
2.199856407705434,1.5775800327117986,4.571358561834758,-0.1694181352687521,-0.11898441076730068,-1.6061831366301713
2.193005707015335,1.5682002086800444,4.441849267418613,-0.08563375862623578,-0.11744902318540301,-1.6173550202248983
2.1790883224202116,1.5586687556395187,4.3134503492082,-0.17396730743904618,-0.11879689742960356,-1.6075838412714936
2.172257349222324,1.5493130263454191,4.183778246228228,-0.08538716497359772,-0.1171477729156606,-1.6192535519205244
2.166717495709118,1.539946751956413,4.05421652500872,-0.06924816891507493,-0.11738304734284122,-1.6170222051505556
2.1531343039445274,1.530396051811193,3.9260471634198555,-0.16978989705738481,-0.11906578047793731,-1.6042867927214535
2.146263855009169,1.5210099892586095,3.796716033256969,-0.08588061169198372,-0.11752585751469172,-1.6147783658903059
2.1323187953783544,1.5114723843165228,3.668551851714755,-0.17431324538518403,-0.11887222402541221,-1.604299573292385
2.1254692457411357,1.50211087602199,3.539170119325192,-0.08561937046523778,-0.1172189241848893,-1.6152757934885384
2.1079101180574464,1.4925359687836013,3.41141247175039,-0.2194890960461214,-0.11905717327621432,-1.6012536819981698
2.1039291302395817,1.483293229923153,3.2813412309995194,-0.049762347723307294,-0.11595600664019666,-1.6221571620813948
2.099270906342665,1.4739713917850066,3.1519571375969955,-0.05822779871145839,-0.11689515100144049,-1.6138265100747884
2.086056723331097,1.4644455754943888,3.024179751210518,-0.1651772876446066,-0.11878145139876994,-1.5986590423393767
2.0792787543499522,1.455075487969626,2.8953952295722343,-0.08472461226431074,-0.11733244367011245,-1.6074121047609977
2.0654179731211837,1.4455526306109585,2.76785850567839,-0.17325976535960821,-0.11869306825857384,-1.5958931545499146
2.0586195799334703,1.4362045507194454,2.6392043281376005,-0.08497991484642009,-0.11705423084585781,-1.6056739453309146
2.053113284414668,1.4268456168126316,2.5107986508144875,-0.06882869398503064,-0.11729350795617538,-1.6017251053480455
2.039571655491982,1.4173019911546767,2.383910020021129,-0.16927036153357544,-0.11897993662352109,-1.587368260137361
2.032730433005965,1.4079224128188021,2.256015505121469,-0.0855152810752201,-0.11744668914034717,-1.595972107969839
2.018823363059806,1.3983911024470443,2.1294122891564142,-0.17383837432699073,-0.11879591487372525,-1.5838741517595565
2.0120009330586903,1.3890353548913281,2.0017500947016624,-0.08528037501394653,-0.11714868282331255,-1.5929398232645817
2.0064701530428857,1.3796689613022228,1.8743909171366397,-0.06913475019755863,-0.11738526662534379,-1.5883162820423746
1.9928961189063084,1.3701180303875449,1.7485952844894759,-0.16967542670721958,-0.11906941039040078,-1.5733467609805918
1.9860332091477446,1.3607315857229503,1.621855938631623,-0.08578637198204808,-0.11753125919856701,-1.5812003515144122
1.9720959757047658,1.351193508004019,1.4964552269419218,-0.17421541803723817,-0.11887879912649994,-1.56847989343911
1.9652531212460609,1.3418313951457816,1.370059585730119,-0.08553568073381206,-0.11722705536872807,-1.57677821231432
1.959700511617553,1.3324587974134599,1.2440212092732263,-0.06940762035634924,-0.11746146555656165,-1.5714858374743754
1.9460974433515674,1.3229017985694371,1.119589318784201,-0.17003835332482245,-0.1191435639366895,-1.5559367011495944
1.9392149709603745,1.3135096872796341,0.994278633228611,-0.08603090488991322,-0.11760092129324948,-1.5630158961971012
1.9252507250701285,1.3039660376743543,0.8703508077687987,-0.17455307362807942,-0.118946871069746,-1.5497015670738348
1.9183895324136644,1.2945987230431812,0.7454949250595243,-0.08576490820580368,-0.11729097145661213,-1.557207793135439
1.9045191309253926,1.2850809353757942,0.6220266300697875,-0.17338001860340024,-0.11862843141467551,-1.543760441266434
1.8977333124215128,1.2757385413895352,0.4976703337526606,-0.08482273129849881,-0.11698377287053735,-1.5508109451083087
1.8922439642002875,1.2663852745757997,0.3737495005109557,-0.06861685276531619,-0.11722366825258188,-1.544554448442716
1.8787249465646576,1.256847213276007,0.2514877117255563,-0.16898772044537627,-0.11891162281125452,-1.5282392016475594
1.871899886483682,1.247472920504053,0.12845762685966824,-0.08531325101219708,-0.11738154703517667,-1.5340375804825839
1.8580143078408835,1.2379468058877865,0.006865737905644903,-0.17356973303498463,-0.11873214828756115,-1.519929662948356
1.851207282699287,1.2285959903433867,-0.1155419790073925,-0.08508781426996029,-0.11708792462857073,-1.5261412134458847
1.8456932013203664,1.2192344126716206,-0.23746173132753065,-0.06892601723650667,-0.11732609873091568,-1.5192430582682117
1.8321401060354912,1.2096881721319643,-0.3576877650042383,-0.16941369106094298,-0.11901197360634357,-1.5024298467509307
1.8252920881605108,1.2003061484293904,-0.47861348146191673,-0.08560022343725732,-0.11747688154780302,-1.5074264654667706
1.8113743196069916,1.1907724013938978,-0.5980640061270757,-0.17397210691899334,-0.11882577095316324,-1.4927959761274456
1.8045455431336812,1.181414374150469,-0.718259563378437,-0.08535970591638015,-0.11717682842114967,-1.4981861254265063
1.7990081644690952,1.172045750405178,-0.8379160496447391,-0.06921723330732746,-0.11741275648848147,-1.4906645533028937
1.7854239078241656,1.162492605314856,-0.9558482128847512,-0.169803208061624,-0.11909649806173314,-1.4733927782877652
1.7785549312012952,1.1531040999143616,-1.0744092692324025,-0.085862207785883,-0.1175566758258035,-1.477570153566771
1.7646080668514474,1.1435639683940269,-1.1914615916977893,-0.17433580437310026,-0.1189039160910825,-1.462450321086036
1.7577595640187984,1.1341999472086954,-1.3091858408755748,-0.08560628540811571,-0.11725058952330442,-1.4670003937592064
1.7439055937451169,1.1246853717288918,-1.425400585716301,-0.17317462842102183,-0.11858925855899866,-1.451788645889249
1.7371319159370688,1.1153459767413365,-1.542245900105819,-0.08467097260060186,-0.11694704942613852,-1.4558771468223108
1.7316556515060653,1.1059956052592685,-1.6584795004706694,-0.06845330538754696,-0.11718833958453284,-1.4474695000715425
1.7181524154693644,1.0964603284516206,-1.7729541289962816,-0.16879045045876587,-0.11887779067191294,-1.4296116900023146
1.711338865901286,1.0870886049109965,-1.887941061226734,-0.08516936960098043,-0.11735017338765309,-1.4324693648619327
1.6974677449775972,1.0775649763257482,-2.0013795163595884,-0.17338901154611494,-0.11870196800553441,-1.416712809323917
1.69067145240091,1.0682164524386393,-2.1153710623618465,-0.08495365720859178,-0.11705997831376211,-1.4199247477520633
1.6851688951144592,1.0588570697690212,-2.228702483758167,-0.06878196608063615,-0.1172994427646438,-1.410932421209711
1.6716294819764623,1.0493129221764943,-2.340253220866247,-0.16924266422496584,-0.1189866868425729,-1.3927066326662167
1.6647915266690605,1.0399327992473604,-2.4522429880068644,-0.0854744413425256,-0.11745379329703871,-1.3947318413443208
1.6508861993934907,1.0304008755165073,-2.562658629179288,-0.1738165909446266,-0.11880378074083107,-1.3785665589641474
1.6440667441133927,1.021044498684218,-2.6735515696351255,-0.08524319100122739,-0.11715682844155154,-1.3809234728625925
1.638539343413269,1.0116774368173447,-2.783737730842431,-0.06909250875154813,-0.11739393026428083,-1.3713691474805616
1.624966738753371,1.002125761259017,-2.892125784605991,-0.1696575582487263,-0.11907890423810737,-1.3528181056145172
1.6181064079527148,0.9927385561781126,-3.000877943850369,-0.08575413500820678,-0.1175410209696329,-1.3539994537095466
1.604170050445817,0.9831996539915481,-3.1080340298350615,-0.17420446883622664,-0.11888925647912942,-1.337462296438497
1.5973294964000577,0.9738367104169406,-3.2155898607864564,-0.08550692557199151,-0.1172376789204822,-1.338951803069311
1.5917795244651,0.9644632480488267,-3.3223937149878844,-0.06937464918697174,-0.11747253675094356,-1.3288552805074578
1.5781770305662108,0.9549053151134052,-3.4273862315805754,-0.1700311737361202,-0.11915537705412577,-1.3100210734151059
1.5712964838465502,0.9455122642095721,-3.5326664323301826,-0.08600683399576105,-0.11761288322351028,-1.310348913655257
1.5573323250152842,0.9359676160851964,-3.6363323329233888,-0.17455198539082986,-0.11895945922943206,-1.2934773034321598
1.550472813172501,0.9265993057835181,-3.7403188692085534,-0.08574389803479192,-0.11730361880638873,-1.2940892960724184
1.5366022370347254,0.9170804658757588,-3.8426954923644576,-0.17338220172219695,-0.11864167546971618,-1.2771819746700086
1.5298178914876541,0.9077370257136325,-3.945350921075868,-0.08480431933839268,-0.11699703852190255,-1.277338695008263
1.5243302746389467,0.8983826854654591,-4.047191517793228,-0.06859521060884423,-0.11723729035100418,-1.266488682866019
1.510810822104208,0.8888434902537846,-4.147210899252913,-0.16899315668423612,-0.11892587332598202,-1.247324859158914
1.5039868948098887,0.879468070466574,-4.247396894256123,-0.08529909117899383,-0.11739580119402301,-1.2463223025844912
1.4901004805340217,0.8699407767783576,-4.345950788878949,-0.17358017844834006,-0.11874693816697415,-1.2290421139985652
1.4832943874067461,0.8605887959395357,-4.444701456972732,-0.08507616409094503,-0.11710264420866827,-1.2283004423430406
1.4777814437116026,0.851226030333701,-4.542595906960968,-0.06891179618929495,-0.1173411118525755,-1.216960281183072
1.4642272679107977,0.8416785476827142,-4.638665180269034,-0.1694271975100635,-0.11902753639755204,-1.1976111243440766
1.457379868980566,0.832295296908608,-4.734823898971769,-0.08559248662789927,-0.11749235231438492,-1.1957613405015721
1.4434606803039864,0.8227602755836543,-4.829340660038938,-0.17398985845724835,-0.11884171453314739,-1.1782355874043526
1.4366323548924025,0.8134009949464066,-4.92397419474796,-0.08535406764480243,-0.11719261692585037,-1.1766214752012238
1.431095587106124,0.8040310994977868,-5.0177122735289235,-0.06920959732848328,-0.11742877998811971,-1.1648186334186896
1.4175096937443508,0.7944766344297884,-5.109625585415397,-0.16982366702216706,-0.1191129981011236,-1.1453292115137783
1.4106408844938438,0.7850868312836528,-5.201550310852235,-0.08586011563133734,-0.11757299892864403,-1.1426295498978043
1.3966921016403473,0.7755453593754557,-5.291827071553669,-0.17435978566871,-0.11892065331520335,-1.1248981229137287
1.389843629711396,0.7661800249310481,-5.382139669182441,-0.08560589911189158,-0.11726709698724125,-1.122408289541193
1.3759876038503323,0.7566640949668425,-5.470812533420142,-0.17320032326330242,-0.11860616193981054,-1.1046858946191633
1.369213824286763,0.7473233743585227,-5.559480513817787,-0.08467224454461511,-0.11696370158528065,-1.1017615336283033
1.341172012440074,0.7375879682214385,-5.645339986420932,-0.3505226480836236,-0.12026053086904526,-1.0751977548062843
1.3131302005933847,0.728083744673339,-5.731503573629158,-0.3505226480836236,-0.11733208551180402,-1.0788395221824554
1.2850883887466955,0.7188169304552273,-5.8179461261227665,-0.3505226480836236,-0.11432504327578542,-1.0821744120476962
1.2570465769000063,0.709793874358307,-5.904643706218065,-0.3505226480836236,-0.11123787831068728,-1.0852178166332522
1.2290047650533171,0.7010210471372978,-5.991573625877182,-0.3505226480836236,-0.10806906818594747,-1.0879855750511118
1.200962953206628,0.6925050410360416,-6.07871448000808,-0.3505226480836236,-0.10481709900160777,-1.0904939107889782
1.1729211413599387,0.6842525688819481,-6.1660461744574855,-0.3505226480836236,-0.10148047106367081,-1.0927593614352495
1.1448793295132496,0.6762704627023561,-6.2535499480499706,-0.3505226480836236,-0.09805770516849313,-1.0947986999994128
1.1168375176665604,0.6685656718122344,-6.341208387974439,-0.3505226480836236,-0.09454734954281264,-1.0966288471637133
1.0887957058198712,0.6611452603188436,-6.429005437765055,-0.3505226480836236,-0.09094798748792077,-1.0982667737756369
1.060753893973182,0.6540164039850307,-6.51692639706753,-0.3505226480836236,-0.08725824577820501,-1.0997293928689256
1.0327120821264928,0.6471863863887457,-6.604957912323983,-0.3505226480836236,-0.08347680386573646,-1.1010334404849036
1.0046702702798036,0.640662594312194,-6.693087957450996,-0.3505226480836236,-0.07960240394368379,-1.1021953445575938
0.9766284584331143,0.6344525122897812,-6.781305803526473,-0.3505226480836236,-0.07563386192200872,-1.1032310811273547
0.948586646586425,0.6285637162397241,-6.869601976442602,-0.3505226480836236,-0.07157007936903614,-1.1041560171608311
0.9205448347397357,0.6230038660999285,-6.957968201425373,-0.3505226480836236,-0.06741005647197855,-1.1049847392824639
0.8925030228930464,0.6177806973845346,-7.046397333267221,-0.3505226480836236,-0.06315290606819675,-1.1057308677674855
0.8644612110463571,0.6129020115734701,-7.134883271069803,-0.3505226480836236,-0.058797868796750294,-1.106406855211522
0.8364193991996678,0.6083756652435143,-7.223420856250543,-0.3505226480836236,-0.05434432941646865,-1.1070237693811107
0.8083775873529785,0.6042095578458481,-7.312005752531364,-0.3505226480836236,-0.04979183433217735,-1.1075910598666159
0.7803357755062892,0.6004116180319715,-7.40063430660355,-0.3505226480836236,-0.04514011036464797,-1.108116308308274
0.7522939636595999,0.5969897884273185,-7.489303388151458,-0.3505226480836236,-0.04038908479209504,-1.1086049621519876
0.7242521518129106,0.5939520087500483,-7.578010207923165,-0.3505226480836236,-0.03553890668139352,-1.1090600521186236
0.6962103399662213,0.5913061971714928,-7.6667521125614035,-0.3505226480836236,-0.03058996951540261,-1.1094818938437248
0.668168528119532,0.5890602298147816,-7.755526354957339,-0.3505226480836236,-0.025542935108612445,-1.1098677744685332
0.6401267162728427,0.5872219182894388,-7.8443298389669565,-0.3505226480836236,-0.020398758786535427,-1.1102116253425311
0.6120849044261534,0.5857989851624823,-7.933158837439828,-0.3505226480836236,-0.015158715784603233,-1.1105036824365833
0.5840430925794641,0.5847990372709806,-8.022008682657573,-0.3505226480836236,-0.009824428799574701,-1.1107301365676823
0.5560012807327748,0.584229536787405,-8.11087342846968,-0.3505226480836236,-0.004397896600403225,-1.1108727761038186
0.5279594688860855,0.5840977699577136,-8.199745483652773,-0.3505226480836236,0.001118476424017207,-1.1109086254518132
0.49991765703939617,0.5844108134432127,-8.288615216311179,-0.3505226480836236,0.006721849935933241,-1.1108095833314537
0.47187584519270687,0.5851754982111437,-8.377470529487123,-0.3505226480836236,0.01240891673112489,-1.1105420656031029
0.44383403334601756,0.5863983709359345,-8.466296408562716,-0.3505226480836236,0.018175871465496936,-1.1100666582374012
0.41579222149932826,0.588085652893419,-8.555074441517483,-0.3505226480836236,0.02401837930265066,-1.1093377868856347
0.38775040965263896,0.5902431963543345,-8.64378231365797,-0.3505226480836236,0.029931544806339094,-1.1083034104146385
0.35970859780594966,0.5928764385113016,-8.732393279061847,-0.3505226480836236,0.03590988145164057,-1.1069047466930209
0.33166678595926036,0.5959903530054672,-8.820875611678774,-0.3505226480836236,0.04194728218082811,-1.1050760398329664
0.30362497411257106,0.5995893991552104,-8.90919203980227,-0.3505226480836236,0.04803699148346572,-1.1027443789753235
0.27558316226588175,0.6036774690298277,-8.997299168467018,-0.3505226480836236,0.05417157953419661,-1.0998295795203121
0.24754135041919248,0.6082578325559271,-9.085146895227306,-0.3505226480836236,0.060342918974725365,-1.0962441384111488
0.24795699195841506,0.6138812206599024,-9.171442800124552,0.005195519240282418,0.07077371161316759,-1.0819572568342557
0.25330130096902503,0.619677382802686,-9.25805126174322,0.06680386263262618,0.07249361706947259,-1.0869314284356653
0.26045140457888816,0.6255152389689115,-9.345274600543616,0.08937629512329108,0.07285253468023299,-1.0950055097273497
0.2653113014739798,0.6312892740888996,-9.433348168418181,0.06074871118864658,0.07225962644130109,-1.105093393149609
0.27271285227413533,0.6371261216348019,-9.521979547599903,0.0925193850019459,0.07281670506645788,-1.1126280304722638
0.28100637380125354,0.6429571451869242,-9.611328931804351,0.10366901908897963,0.07266128919405382,-1.1217811453143915
0.28663993481690453,0.6487000690031305,-9.701577365174463,0.07041951269563862,0.07179662851061207,-1.1323765217847865
0.29474252858533095,0.654492569742773,-9.792400921487477,0.10128242210533228,0.07219355496845242,-1.140117029620321
0.30064333554509454,0.6602080547611675,-9.88409014902855,0.07376008699704649,0.07142646732638987,-1.1503966573260753
0.3091418638324717,0.665971300913579,-9.976349606310237,0.1062316035922172,0.07178851542439908,-1.1581101941532401
0.31542662175468805,0.6716509120427645,-10.069482766601823,0.07855947402770615,0.07093926136868996,-1.168479763007924
0.3243189508102915,0.6773723106224233,-10.163190534764965,0.11115411319504528,0.07122493805400545,-1.1762529727963014
0.33094778272110553,0.6830025238580264,-10.257780516920372,0.08286039888517753,0.07028533362555399,-1.1867105816041628
0.33714508186407965,0.6886094776122819,-10.353082064090943,0.07746623928717797,0.07003230803339244,-1.195480500432291
0.34339533716152854,0.6942086816235159,-10.449053891023825,0.07812819121811286,0.06992980790859094,-1.2038498908639943
0.34983350890979636,0.6998018628214748,-10.545688471788186,0.0804771468533496,0.0698365639908704,-1.2121567701316736
0.3595549219812076,0.7054465570031264,-10.642850987986007,0.12151766339264305,0.07018177777482093,-1.2195190724608707
0.36708782454681976,0.7109878258556642,-10.740906221951743,0.09416128207015433,0.06908127877671474,-1.2301079707948914
0.37419127472266195,0.7164910091109729,-10.839685841413297,0.08879312719802926,0.06864134275399973,-1.2390309669425834
0.381307938598595,0.7219705766331451,-10.939149139158594,0.08895829844916563,0.06834263924778734,-1.2475529494907078
0.3885561831939519,0.727428281836402,-11.039286961683086,0.09060305744196304,0.06805502489950443,-1.2559885308299255
0.3930110697098438,0.7328045472755851,-11.140231612545842,0.05568608144864965,0.06728904056087998,-1.2653845251623208
0.3998248015335674,0.7382407633673912,-11.241640407154543,0.08517164779654748,0.06782470557289148,-1.2717332650084476
0.4203147718503563,0.743925018774983,-11.343100390445976,0.256124628959867,0.06968402528193295,-1.2757722186266032
0.4483565836970456,0.7495383299167614,-11.445442320397165,0.3505226480836236,0.0680861070169394,-1.2885295120863263
0.4763983955437349,0.7548162093078848,-11.549241728679096,0.3505226480836236,0.06384464311972596,-1.3063048364450431
0.5044402073904242,0.7597508653851077,-11.65442619234456,0.3505226480836236,0.05950540527626763,-1.3231462954817987
0.5324820192371135,0.7643344496502206,-11.760918680183627,0.3505226480836236,0.055067753899424275,-1.338995619917398
0.5605238310838028,0.7685590686681147,-11.868637447408648,0.3505226480836236,0.050531208144250425,-1.3537932487453443
0.5885656429304921,0.7724167975005015,-11.977495934753273,0.3505226480836236,0.04589546447567766,-1.3674783932353405
0.6166074547771814,0.7758996946755861,-12.0874026734622,0.3505226480836236,0.04116041650386496,-1.3799891206142194
0.6446492666238707,0.7789998187959744,-12.19826119784806,0.3505226480836236,0.036326176107082116,-1.3912624600085186
0.67269107847056,0.7817092468882353,-12.309969967305374,0.3505226480836236,0.031393095850563046,-1.4012345334005074
0.7007328903172493,0.7840200945976843,-12.422422299897844,0.3505226480836236,0.026361792695997283,-1.4098407145009189
0.7287747021639386,0.7859245383308885,-12.535506319872804,0.3505226480836236,0.02123317297997138,-1.4170158185694155
0.7568165140106279,0.7874148394459133,-12.649104921703191,0.3505226480836236,0.016008458620488837,-1.4226943263091725
0.7848583258573172,0.788483370586191,-12.763095753509958,0.3505226480836236,0.010689214488453808,-1.426810645014652
0.8129001377040065,0.7891226442478446,-12.877351222972479,0.3505226480836236,0.005277376855491352,-1.4292994101501162
0.8409419495506958,0.7893253436620745,-12.991738529086494,0.3505226480836236,-0.0002247171994840258,-1.4300958304676437
0.8689837613973851,0.7890843560635336,-13.106119723372377,0.3505226480836236,-0.005814299575080053,-1.429136079623036
0.8970255732440744,0.7883928084021787,-13.22035180436402,0.3505226480836236,-0.011488140309937235,-1.4263577370004918
0.9250673850907637,0.7872441055396168,-13.334286849411823,0.3505226480836236,-0.017242516349082283,-1.4217002800958598
0.953109196937453,0.7856319709511561,-13.447772188002578,0.3505226480836236,-0.02307318018361511,-1.415105630316619
0.9811510087841423,0.7835504899313752,-13.56065062092311,0.3505226480836236,-0.02897532867984637,-1.406518753417514
1.0091928206308316,0.7809941552737647,-13.672760689661107,0.3505226480836236,-0.03494357246351674,-1.395888314987638
1.0372346324775208,0.7779579153636891,-13.783937000431774,0.3505226480836236,-0.040971906276565224,-1.383167390422866
1.06527644432421,0.7744372245883907,-13.894010607128054,0.3505226480836236,-0.04705368077730284,-1.3683142276447926
1.0933182561708992,0.770428095927928,-14.002809457299538,0.3505226480836236,-0.05318157630880097,-1.3512930594552355
1.1213600680175884,0.76592715554682,-14.110158904954641,0.3505226480836236,-0.059347579213581095,-1.332074960840989
1.1494018798642776,0.7609316991578519,-14.215882293536216,0.3505226480836236,-0.06554296132380326,-1.3106387447705337
1.1481517907909238,0.7548819659321744,-14.3180874016179,-0.015626113416923295,-0.07606019435645427,-1.2721948372023781
1.134806716215558,0.748529699219342,-14.418754344080575,-0.16681343219207534,-0.07876933968604104,-1.2559957708453753
1.1177144795919276,0.7422071109656889,-14.518847753507748,-0.21365295779538532,-0.07805457738380527,-1.2498256940852137
1.1004637806058926,0.7360388982191641,-14.618718974097222,-0.2156337373254427,-0.0760918440006762,-1.2471015336295257
1.083541433579054,0.7300398585287008,-14.718401015640278,-0.2115293378354855,-0.07398691085213394,-1.2446704715882206
1.066977797445935,0.7242090355014117,-14.817884387213804,-0.2070454516639937,-0.07189713813818904,-1.2421207960871379
1.0507749620592763,0.7185444044643668,-14.917158205586052,-0.20253544233323775,-0.06983341271983029,-1.239441930954849
1.0349327722256978,0.7130437770352125,-15.01621257935141,-0.19802737291973604,-0.06779757841591003,-1.2366464678238573
1.0194504576984327,0.7077048655819173,-15.115038720209105,-0.19352893159081744,-0.06579081448407681,-1.2337479778075204
1.004326776470981,0.7025252958745143,-15.21362891673975,-0.1890460153431509,-0.06381415341164687,-1.2307596616263252
0.9895600519563811,0.6975026158343003,-15.31197649619828,-0.18458405643250142,-0.061868520555339014,-1.2276942280743408
0.975148201271977,0.6926343037594124,-15.41007578338698,-0.1801481335550548,-0.05995474006812466,-1.2245638624171522
0.9610887623937229,0.6879177762780179,-15.50792205775377,-0.17574298597818086,-0.058073538357759566,-1.2213802070725661
0.9473789207770686,0.6833503960310885,-15.605511509212443,-0.17137302020818104,-0.05622554756098194,-1.2181543481162647
0.934015535407386,0.6789294790677695,-15.702841193092981,-0.1670423171210357,-0.05441130921439746,-1.2148968066488337
0.9209951641934141,0.674652301937958,-15.799908984589957,-0.1627546401746519,-0.05263127809782063,-1.2116175345380467
0.9083140886254147,0.6705161084701312,-15.896713533041584,-0.15851344459999533,-0.0508858262083763,-1.208325914100777
0.8959683376329286,0.6665181162258126,-15.993254216337705,-0.15432188740608055,-0.04917524682514395,-1.2050307613029922
0.8846729189097062,0.6626700832265613,-16.089552405308414,-0.14119273404028276,-0.047385274068594524,-1.2019057515430567
0.8730496527796198,0.6589304837581385,-16.18555256193656,-0.14529082662608428,-0.04598661577904889,-1.1982772548023097
0.8616109724506827,0.6553166763650131,-16.281284775010757,-0.1429835041117159,-0.04441840602263058,-1.1949595124069843
0.8504655827689368,0.6518302017098241,-16.376756823733988,-0.1393173710218273,-0.042841350229821676,-1.1917277234781234
0.8396327338005523,0.6484691075082017,-16.47197217286885,-0.13541061210480956,-0.04129088182357277,-1.1885392737895284
0.8291124764957445,0.6452306989538391,-16.566933784173415,-0.13150321631009962,-0.039774502908675693,-1.1853899776346943
0.8189006049244307,0.6421121289152026,-16.661644862275566,-0.12764839464142422,-0.03829371270208107,-1.182283110541364
0.8089918934336271,0.6391105290296111,-16.756108978461555,-0.12385889363504819,-0.03684867031892479,-1.1792231213008055
0.7997274608176799,0.6362301379899145,-16.850337556083627,-0.11580540769934261,-0.03538350606623174,-1.1762742377560396
0.7904430803196657,0.6334493161888473,-16.944315427398042,-0.11605475622518001,-0.034126518209203,-1.1731984438802472
0.781367347615713,0.6307747428859101,-17.038056517455377,-0.11344665879941053,-0.032807651832308334,-1.1702777570218266
0.7725557262952093,0.6282060725536646,-17.131567971024385,-0.11014526650629872,-0.031498612688549206,-1.1674427274952879
0.7640183174417005,0.625741142732439,-17.224855416158967,-0.10671761066886346,-0.030217879429086585,-1.1646780741186207
0.7557534015723895,0.6233773428155708,-17.317924260646688,-0.10331144836638957,-0.02896994156846571,-1.1619818158670479
0.7479051001729852,0.6211150370988447,-17.410782496256203,-0.09810376749255516,-0.02773159209477492,-1.1593756877223769
0.7401766393010102,0.6189432383240091,-17.503429204864972,-0.09660576089968893,-0.02660268601871514,-1.1567781144451983
0.7326666334800539,0.6168635883732726,-17.595873275431092,-0.09387507276195595,-0.025462789627498605,-1.1542859748041385
0.7253989122055364,0.6148746553779014,-17.688121419209264,-0.09084651593147072,-0.02434331639627284,-1.1518765548486138
0.7152906060166766,0.6129105012869518,-17.780136924520804,-0.12635382736075124,-0.023751947323204087,-1.1491894940717293
0.6977030150504036,0.6109205314943473,-17.871904376376452,-0.21984488707841776,-0.02334206883407157,-1.1466139029077835
0.6795607238174904,0.6091657352278231,-17.963593449272324,-0.22677864041141893,-0.02032188892250361,-1.1457350686957095
0.6581456318460766,0.6076027362735913,-18.05520105783968,-0.267688649642679,-0.017580414852835947,-1.14494671456653
0.6420209170613516,0.60646438967826,-18.14681456807611,-0.20155893480906636,-0.012749195967840249,-1.1448622732038656
0.6268228256433458,0.6055834103262164,-18.238386392158457,-0.18997614272507618,-0.009596854984171753,-1.1443902047223733
0.6124163217753743,0.604946562452564,-18.329922665403366,-0.1800812983496474,-0.006598423818118514,-1.1440070867101415
0.5952356414249947,0.6044713115209589,-18.42143049742884,-0.2147585043797495,-0.004287225869110582,-1.1437523527018663
0.5823056205239947,0.6043501749598337,-18.512919681087933,-0.161625261262504,-0.00024626041323085913,-1.143582972181325
0.5705580101276081,0.6044574940451766,-18.604404453596032,-0.1468451299548364,0.0025149212940689426,-1.14361467065239
0.5596409292102617,0.6047707540434191,-18.695898564300144,-0.13646351146683353,0.005027105934270856,-1.14382024946722
0.5460601928302568,0.6052076028610219,-18.787434261552985,-0.169759204750065,0.0068476385909365485,-1.1443467810175558
0.5370018176402624,0.6059610691779176,-18.87896534776881,-0.11322968987493187,0.010388295675561689,-1.1445042750867835
0.5371865555576512,0.6070617042413269,-18.970490035342937,0.00230922396735881,0.013848357814833893,-1.1449312050981102
0.5401738421619675,0.608234873333606,-19.06213598573202,0.03734108255395529,0.014485570812955028,-1.146613938054196
0.5440042148939287,0.6093966928856644,-19.15394162897893,0.04787965914951595,0.014259354469112575,-1.1486334783170957
0.5480632688656114,0.6105208789713876,-19.245913983059996,0.05073817464603471,0.013762598701913964,-1.1506925718171712
0.5520988577331642,0.6115979748604161,-19.338050341143223,0.050444860844412014,0.013171578290195753,-1.1526993913414394
0.5560296311680699,0.612625910916868,-19.430344179944438,0.049134667936321506,0.0125625169133162,-1.1546199337904153
0.5598312914828871,0.613605058192891,-19.522787953087438,0.047520753935216674,0.011960535991953644,-1.1564458999944696
0.5635291052958736,0.6145372072310077,-19.615373854602193,0.04622267266233189,0.011378624807821196,-1.1581769954963723
0.5670811156032801,0.615422384063386,-19.708094793790632,0.044400128842582355,0.010801192128589323,-1.1598184500713273
0.5704968776411349,0.6162623499635012,-19.800943326524195,0.04269702547318493,0.010245012064435758,-1.1613690478690526
0.5737820699203874,0.6170586631362391,-19.893912374250192,0.04106490349065653,0.009707908251139775,-1.1628330194711676
0.5769410231200174,0.6178127893310967,-19.986995160735052,0.039486914995375454,0.009188848336991176,-1.1642139933020612
0.5800550799089813,0.6185277457981266,-20.080184944790645,0.03892570986205007,0.00869976571620773,-1.1655155817263136
0.5830021094186371,0.619201087643585,-20.173476319918333,0.03683786887069766,0.008191956680496555,-1.1667447429801294
0.5858167163769366,0.6198355224173822,-20.266862739329376,0.03518258697874504,0.00771484337283514,-1.1678955705530791
0.5885128561823854,0.6204328232039716,-20.360338256224427,0.033701747568110875,0.0072586927414656005,-1.1689741769324464
0.5910974608626562,0.6209944243478291,-20.453897274223532,0.032307558503386326,0.0068199308236528795,-1.1699844512317656
0.5936876152024072,0.6215239571233134,-20.547534253784402,0.03237692924688703,0.006415341377530939,-1.1709308736500494
0.5960989562248253,0.6220169980871495,-20.64124496219923,0.03014176278022699,0.0059732572250031065,-1.1718175168682434
0.5983839339334788,0.6224768968561566,-20.735023807162463,0.028562221358168747,0.005568189961631016,-1.172638328352581
0.6005624635507018,0.6229055478061284,-20.828865869022156,0.02723162021528756,0.005185021985487684,-1.173399799003295
0.6027768478091498,0.6233070969348342,-20.922766449624927,0.02767980323060019,0.0048400128402296535,-1.174108096832887
0.6048067797108942,0.6236759724518267,-21.016721959266714,0.025374148771806482,0.004446600879146819,-1.1747640551041392
0.6067157606206576,0.6240159052827482,-21.110727542831786,0.023862261372041522,0.004093914348126422,-1.1753635673463267
0.6085274232618971,0.6243288487689413,-21.20477901514416,0.022645783015495188,0.0037635010140771924,-1.1759128742919545
0.610251693176807,0.6246161272007357,-21.29887252305408,0.021553373936375003,0.0034487913037277323,-1.1764153895906504
0.6120459075532916,0.6248819854392362,-21.393004425224714,0.022427679706056563,0.0031719947810624808,-1.1768773426487311
0.6136549631667504,0.6251196779038923,-21.487171747304632,0.020113195168234926,0.0028354536896582805,-1.1772944676163861
0.6151513395483608,0.625333205977458,-21.581370504880365,0.018704704770129848,0.0025421550732015272,-1.177665947685014
0.6165616536339769,0.6255245301329718,-21.67559732681179,0.01762892607020099,0.0022709232031116484,-1.1779972567889812
0.6178966837961481,0.6256948900121297,-21.769849136439646,0.016687877027141463,0.0020142434333697973,-1.1782913206333874
0.6193255666969386,0.6258486580238658,-21.86412316305259,0.017861036259880853,0.0017959141473575075,-1.178555141319283
0.6205718579181572,0.6259783421905143,-21.958416867531017,0.015578640265231817,0.001510550727224553,-1.1787799302820714
0.6217140173167588,0.6260880927014727,-22.052727038159333,0.014276992482520304,0.0012697115211429584,-1.1789685202319282
0.6227806111664257,0.6261798421582225,-22.147051000291295,0.013332423120836934,0.0010503944222789658,-1.1791254772984554
0.6239520109191993,0.6262582479151431,-22.24138654285278,0.014642496909670647,0.0008719051740427113,-1.1792589347987101
0.624944011267038,0.6263155343712336,-22.33573139012292,0.012400004347984016,0.0006235774626415598,-1.179357195596743
0.6258385347000947,0.626355920158088,-22.43008287684224,0.011181542913207812,0.0004202930245154688,-1.1794258866889404
0.6266652574650458,0.6263813033901308,-22.524438811915086,0.010334034561889228,0.00023798609802568106,-1.1794688551269987
0.6274357166219015,0.6263927637928842,-22.618797225507766,0.009630739460695887,6.814091572297296e-05,-1.1794881506579709
0.6283264454612905,0.6263946368950858,-22.713156584678938,0.011134110492363142,-6.455164833486457e-05,-1.1794915935251273
0.6290463609805095,0.6263788181480979,-22.80751492047699,0.008998943990238508,-0.00027054604998681653,-1.179464237306813
0.6296779968793292,0.626349456843865,-22.901870164043835,0.00789544873524656,-0.0004324315871039794,-1.1794144264418052
0.6302511106124524,0.6263083598863242,-22.996220638543832,0.007163921664040005,-0.0005744969361628379,-1.1793451352551603
0.6307771074200438,0.6262565086092379,-23.09056484933354,0.006574960094892123,-0.000705327206033589,-1.1792579778502337
0.631430736775594,0.6261981063648364,-23.18490177964734,0.008170366944378345,-0.0008004935602911891,-1.1791608904893245
0.6319227660122604,0.6261250182260524,-23.2792297175269,0.006150365458329101,-0.000969527785375909,-1.179036856198486
0.6323351850216219,0.6260412833768164,-23.37354709027029,0.005155237617018473,-0.0010957866175321255,-1.1788962559576335
0.6326974298197239,0.625948610138684,-23.467852647316146,0.004528059976275282,-0.0012034355016754931,-1.1787413381677951
0.6331869673253988,0.625851335747378,-23.56214568935645,0.0061192188209373164,-0.0012740024188936249,-1.1785802893927713
0.6335220691772138,0.6257415174748984,-23.656424689469787,0.004188773147686882,-0.0014167586965524235,-1.178395158795366
0.633783978094705,0.6256230990071701,-23.75068841320267,0.0032738614686404887,-0.001517868745673092,-1.1781974712888732
0.6340017747258467,0.6254977116943603,-23.844935901666666,0.002722457889271763,-0.001601303409381682,-1.1779889968387396
0.6341863704399693,0.6253661731031721,-23.939166322866885,0.002307446426531238,-0.0016755174166243596,-1.1777707442333767
0.6345022085961163,0.6252323244647108,-24.033379345177472,0.003947976951837887,-0.0017176094616307767,-1.177550371640932
0.634675807295272,0.6250883678060987,-24.127573676573743,0.002169983739446413,-0.00183088367077476,-1.1773093145876892
0.6347847020798911,0.6249380144877168,-24.221748433308388,0.0013611848077403508,-0.001905071706621024,-1.177059781303967
0.6348565598673186,0.6247827664528208,-24.31590295570926,0.000898222342842969,-0.0019630747917444387,-1.176803055210414
0.634901672245827,0.6246233487859748,-24.410036686857584,0.0005639047313559369,-0.002012961042963871,-1.176539896865705
0.6350759430585747,0.6244633543342865,-24.504149558141282,0.0021783851593465712,-0.002033009378140134,-1.1762775980627516
0.6351194335482245,0.6242953268724841,-24.59824049115527,0.0005436311206221046,-0.0021212748808879293,-1.1759977390054126
0.6351058508305315,0.6241227489244056,-24.692308882521644,-0.00016978397116257179,-0.0021729583148420205,-1.1757126549646628
0.6350614145884653,0.6239470003148414,-24.78635431416075,-0.0005554530258267687,-0.00220985209463675,-1.1754232757706344
0.635140020537423,0.6237717134980267,-24.880376871134978,0.0009825743619709425,-0.0022162100603642307,-1.175136634100268
0.6350961706929097,0.6235898456959338,-24.97437563533972,-0.0005481230564168407,-0.0022870055160143436,-1.1748348103719009
0.63500073528588,0.6234047111656639,-25.06835019081997,-0.0011929425878720306,-0.002323058059449212,-1.1745299360454602
0.6348788679857961,0.6232176006930336,-25.16230028310334,-0.0015233412510482559,-0.002345337221826556,-1.1742227291771108
0.6347397893386119,0.6230290947802475,-25.25622572978237,-0.0017384830898020786,-0.0023612151131156543,-1.1739136407029402
0.6347212622715114,0.6228423023738373,-25.35012678762033,-0.0002315883387556593,-0.0023515562303727143,-1.1736090772887744
0.634592829931835,0.6226505522563518,-25.444002733947123,-0.0016054042459545965,-0.0024031422277730036,-1.1732920589902145
0.6344198713672047,0.622456870840341,-25.537853338510402,-0.0021619820578782562,-0.0024230683756493905,-1.1729740818890124
0.6342255335223352,0.6222624161744565,-25.631678507559002,-0.002429223060868752,-0.002430694883829958,-1.172655676963157
0.634018246851938,0.6220676910908589,-25.72547820694939,-0.002591083379965501,-0.0024328204863149697,-1.172337182169294
0.6339248147553185,0.6218755272886006,-25.819252804379435,-0.0011679012077439232,-0.002411817751764602,-1.1720244419498111
0.6337326870453712,0.6216797450385008,-25.91300175099919,-0.0024015963743402335,-0.002447639768760652,-1.171701711486521
0.6335021764831604,0.6214831085608721,-26.00672495965821,-0.0028813820276348983,-0.0024546038927920366,-1.1713796209609666
0.6332545828647117,0.6212866569517704,-26.100422461875254,-0.003094920230608687,-0.002450584253298952,-1.1710585818403794
0.6331125140588639,0.6210932079467605,-26.194094681990702,-0.0017758600730976412,-0.0024231970041969668,-1.1707440253770005
0.6328796510008617,0.6208970580577803,-26.287741197268467,-0.002910788225027345,-0.0024482405860031505,-1.1704213102390135
0.6326127308988818,0.6207007861866173,-26.381362014741764,-0.003336501274749207,-0.002446407250271568,-1.1701002856043763
0.6323317538079769,0.620505347275218,-26.47495724943985,-0.00351221363631084,-0.002434521782176382,-1.1697812976092734
0.6320439194407811,0.6203111276485574,-26.56852706063413,-0.003597929589948276,-0.002418481480821671,-1.1694645508515829
0.6318561100689893,0.6201204726045658,-26.662071936451294,-0.002347617147396984,-0.0023834696503425776,-1.1691548522680986
0.6315886898170001,0.6199281211336012,-26.755591599171975,-0.0033427531498653753,-0.002396964780460617,-1.1688390017900787
0.6312926567415634,0.6197363710977294,-26.849086144151954,-0.0037004134429588814,-0.002386555870928595,-1.168525769302933
0.6309859490853352,0.6195460595403814,-26.942555762751333,-0.0038338457028528374,-0.0023673761995308415,-1.1682154516219883
0.6307707020213514,0.619359497562084,-27.036000962286025,-0.002690588299797121,-0.0023291861169239176,-1.1679124521644177
0.6304830326248195,0.6191718901172629,-27.129421563776933,-0.003595867456649264,-0.002335191159558655,-1.1676047503512401
0.6301703322281513,0.6189853562140214,-27.222817718875277,-0.0039087549583519225,-0.002319188633365357,-1.1673002613832308
0.6298492422122842,0.6188006565054913,-27.3161896684294,-0.004013625198339086,-0.002295249454631531,-1.1669992575628518
0.6295256911642403,0.6186180766875736,-27.40953768706822,-0.0040443881005494155,-0.0022682974814058356,-1.166701868162826
0.6292873556402647,0.6184395081117171,-27.502862306318555,-0.002979194049695094,-0.002226192759826449,-1.1664119121254164
0.628986474050647,0.618260593632567,-27.596163456725073,-0.003761019870221307,-0.0022243613266725794,-1.1661187951971135
0.6286650097337008,0.6180831936277147,-27.689441339777247,-0.004018303961828686,-0.0022032436792511195,-1.165829361289101
0.6283376675689575,0.6179079648072341,-27.782696237538815,-0.004091777059291023,-0.002175307331400932,-1.1655438644456773
0.6280096582010364,0.6177351433630437,-27.875928461249206,-0.004100117099013887,-0.0021449108457696465,-1.1652624073404494
